"Language","original","english","czech","german","russian","polish","hungarian","italian","spanish","french","chinese","japanese","portuguese","chinesesimp",
"STR_OZL_petridishkit","Польовий набір чашок Петрі","Польовий набір чашок Петрі","Польовий набір чашок Петрі","Польовий набір чашок Петрі","Польовий набір чашок Петрі","Польовий набір чашок Петрі","Польовий набір чашок Петрі","Польовий набір чашок Петрі","Польовий набір чашок Петрі","Польовий набір чашок Петрі","Польовий набір чашок Петрі","Польовий набір чашок Петрі","Польовий набір чашок Петрі","Польовий набір чашок Петрі",
"STR_OZL_petridishkit_desc","Переносний набір для відбору та первинного аналізу біологічних зразків у польових умовах.","Переносний набір для відбору та первинного аналізу біологічних зразків у польових умовах.","Переносний набір для відбору та первинного аналізу біологічних зразків у польових умовах.","Переносний набір для відбору та первинного аналізу біологічних зразків у польових умовах.","Переносний набір для відбору та первинного аналізу біологічних зразків у польових умовах.","Переносний набір для відбору та первинного аналізу біологічних зразків у польових умовах.","Переносний набір для відбору та первинного аналізу біологічних зразків у польових умовах.","Переносний набір для відбору та первинного аналізу біологічних зразків у польових умовах.","Переносний набір для відбору та первинного аналізу біологічних зразків у польових умовах.","Переносний набір для відбору та первинного аналізу біологічних зразків у польових умовах.","Переносний набір для відбору та первинного аналізу біологічних зразків у польових умовах.","Переносний набір для відбору та первинного аналізу біологічних зразків у польових умовах.","Переносний набір для відбору та первинного аналізу біологічних зразків у польових умовах.","Переносний набір для відбору та первинного аналізу біологічних зразків у польових умовах.",
"STR_OZL_microscope","Лабораторний мікроскоп","Лабораторний мікроскоп","Лабораторний мікроскоп","Лабораторний мікроскоп","Лабораторний мікроскоп","Лабораторний мікроскоп","Лабораторний мікроскоп","Лабораторний мікроскоп","Лабораторний мікроскоп","Лабораторний мікроскоп","Лабораторний мікроскоп","Лабораторний мікроскоп","Лабораторний мікроскоп","Лабораторний мікроскоп",
"STR_OZL_microscope_desc","Стаціонарний мікроскоп для тривалого аналізу зразків. Завантажте зразки всередину та запустіть аналіз.","Стаціонарний мікроскоп для тривалого аналізу зразків. Завантажте зразки всередину та запустіть аналіз.","Стаціонарний мікроскоп для тривалого аналізу зразків. Завантажте зразки всередину та запустіть аналіз.","Стаціонарний мікроскоп для тривалого аналізу зразків. Завантажте зразки всередину та запустіть аналіз.","Стаціонарний мікроскоп для тривалого аналізу зразків. Завантажте зразки всередину та запустіть аналіз.","Стаціонарний мікроскоп для тривалого аналізу зразків. Завантажте зразки всередину та запустіть аналіз.","Стаціонарний мікроскоп для тривалого аналізу зразків. Завантажте зразки всередину та запустіть аналіз.","Стаціонарний мікроскоп для тривалого аналізу зразків. Завантажте зразки всередину та запустіть аналіз.","Стаціонарний мікроскоп для тривалого аналізу зразків. Завантажте зразки всередину та запустіть аналіз.","Стаціонарний мікроскоп для тривалого аналізу зразків. Завантажте зразки всередину та запустіть аналіз.","Стаціонарний мікроскоп для тривалого аналізу зразків. Завантажте зразки всередину та запустіть аналіз.","Стаціонарний мікроскоп для тривалого аналізу зразків. Завантажте зразки всередину та запустіть аналіз.","Стаціонарний мікроскоп для тривалого аналізу зразків. Завантажте зразки всередину та запустіть аналіз.","Стаціонарний мікроскоп для тривалого аналізу зразків. Завантажте зразки всередину та запустіть аналіз.",
"STR_OZL_labcomputer","Науковий комп'ютер","Науковий комп'ютер","Науковий комп'ютер","Науковий комп'ютер","Науковий комп'ютер","Науковий комп'ютер","Науковий комп'ютер","Науковий комп'ютер","Науковий комп'ютер","Науковий комп'ютер","Науковий комп'ютер","Науковий комп'ютер","Науковий комп'ютер","Науковий комп'ютер",
"STR_OZL_labcomputer_desc","Стаціонарна робоча станція для обробки дослідницьких даних.","Стаціонарна робоча станція для обробки дослідницьких даних.","Стаціонарна робоча станція для обробки дослідницьких даних.","Стаціонарна робоча станція для обробки дослідницьких даних.","Стаціонарна робоча станція для обробки дослідницьких даних.","Стаціонарна робоча станція для обробки дослідницьких даних.","Стаціонарна робоча станція для обробки дослідницьких даних.","Стаціонарна робоча станція для обробки дослідницьких даних.","Стаціонарна робоча станція для обробки дослідницьких даних.","Стаціонарна робоча станція для обробки дослідницьких даних.","Стаціонарна робоча станція для обробки дослідницьких даних.","Стаціонарна робоча станція для обробки дослідницьких даних.","Стаціонарна робоча станція для обробки дослідницьких даних.","Стаціонарна робоча станція для обробки дослідницьких даних.",
"STR_OZL_chembench","Хімічний стенд","Хімічний стенд","Хімічний стенд","Хімічний стенд","Хімічний стенд","Хімічний стенд","Хімічний стенд","Хімічний стенд","Хімічний стенд","Хімічний стенд","Хімічний стенд","Хімічний стенд","Хімічний стенд","Хімічний стенд",
"STR_OZL_chembench_desc","Лабораторний стіл із мийкою та посудом для хімічної переробки.","Лабораторний стіл із мийкою та посудом для хімічної переробки.","Лабораторний стіл із мийкою та посудом для хімічної переробки.","Лабораторний стіл із мийкою та посудом для хімічної переробки.","Лабораторний стіл із мийкою та посудом для хімічної переробки.","Лабораторний стіл із мийкою та посудом для хімічної переробки.","Лабораторний стіл із мийкою та посудом для хімічної переробки.","Лабораторний стіл із мийкою та посудом для хімічної переробки.","Лабораторний стіл із мийкою та посудом для хімічної переробки.","Лабораторний стіл із мийкою та посудом для хімічної переробки.","Лабораторний стіл із мийкою та посудом для хімічної переробки.","Лабораторний стіл із мийкою та посудом для хімічної переробки.","Лабораторний стіл із мийкою та посудом для хімічної переробки.","Лабораторний стіл із мийкою та посудом для хімічної переробки.",
"STR_OZL_serverrack","Серверна стійка","Серверна стійка","Серверна стійка","Серверна стійка","Серверна стійка","Серверна стійка","Серверна стійка","Серверна стійка","Серверна стійка","Серверна стійка","Серверна стійка","Серверна стійка","Серверна стійка","Серверна стійка",
"STR_OZL_serverrack_desc","Стійка серверів для зберігання накопичених дослідницьких даних.","Стійка серверів для зберігання накопичених дослідницьких даних.","Стійка серверів для зберігання накопичених дослідницьких даних.","Стійка серверів для зберігання накопичених дослідницьких даних.","Стійка серверів для зберігання накопичених дослідницьких даних.","Стійка серверів для зберігання накопичених дослідницьких даних.","Стійка серверів для зберігання накопичених дослідницьких даних.","Стійка серверів для зберігання накопичених дослідницьких даних.","Стійка серверів для зберігання накопичених дослідницьких даних.","Стійка серверів для зберігання накопичених дослідницьких даних.","Стійка серверів для зберігання накопичених дослідницьких даних.","Стійка серверів для зберігання накопичених дослідницьких даних.","Стійка серверів для зберігання накопичених дослідницьких даних.","Стійка серверів для зберігання накопичених дослідницьких даних.",
"STR_OZL_samplefridge","Холодильник зразків","Холодильник зразків","Холодильник зразків","Холодильник зразків","Холодильник зразків","Холодильник зразків","Холодильник зразків","Холодильник зразків","Холодильник зразків","Холодильник зразків","Холодильник зразків","Холодильник зразків","Холодильник зразків","Холодильник зразків",
"STR_OZL_samplefridge_desc","Холодильник для зберігання біологічних зразків.","Холодильник для зберігання біологічних зразків.","Холодильник для зберігання біологічних зразків.","Холодильник для зберігання біологічних зразків.","Холодильник для зберігання біологічних зразків.","Холодильник для зберігання біологічних зразків.","Холодильник для зберігання біологічних зразків.","Холодильник для зберігання біологічних зразків.","Холодильник для зберігання біологічних зразків.","Холодильник для зберігання біологічних зразків.","Холодильник для зберігання біологічних зразків.","Холодильник для зберігання біологічних зразків.","Холодильник для зберігання біологічних зразків.","Холодильник для зберігання біологічних зразків.",
"STR_OZL_fieldcase","Польовий науковий кейс","Польовий науковий кейс","Польовий науковий кейс","Польовий науковий кейс","Польовий науковий кейс","Польовий науковий кейс","Польовий науковий кейс","Польовий науковий кейс","Польовий науковий кейс","Польовий науковий кейс","Польовий науковий кейс","Польовий науковий кейс","Польовий науковий кейс","Польовий науковий кейс",
"STR_OZL_fieldcase_desc","Переносний кейс для збору та транспортування зразків у польових умовах.","Переносний кейс для збору та транспортування зразків у польових умовах.","Переносний кейс для збору та транспортування зразків у польових умовах.","Переносний кейс для збору та транспортування зразків у польових умовах.","Переносний кейс для збору та транспортування зразків у польових умовах.","Переносний кейс для збору та транспортування зразків у польових умовах.","Переносний кейс для збору та транспортування зразків у польових умовах.","Переносний кейс для збору та транспортування зразків у польових умовах.","Переносний кейс для збору та транспортування зразків у польових умовах.","Переносний кейс для збору та транспортування зразків у польових умовах.","Переносний кейс для збору та транспортування зразків у польових умовах.","Переносний кейс для збору та транспортування зразків у польових умовах.","Переносний кейс для збору та транспортування зразків у польових умовах.","Переносний кейс для збору та транспортування зразків у польових умовах.",
"STR_OZL_eco_pack_bio","Біопакувальник (Вчені)","Bio packer (Scientists)","Біопакувальник (Вчені)","Біопакувальник (Вчені)","Біопакувальник (Вчені)","Біопакувальник (Вчені)","Біопакувальник (Вчені)","Біопакувальник (Вчені)","Біопакувальник (Вчені)","Біопакувальник (Вчені)","Біопакувальник (Вчені)","Біопакувальник (Вчені)","Біопакувальник (Вчені)","Біопакувальник (Вчені)",
"STR_OZL_eco_pack_bio_desc","Стаціонарна станція Вчених: пакує біологічну сировину у зразки. Покладіть сировину в карго приладу та запустіть цикл.","Scientists' station: packs biological raw material into samples. Load the cargo and start the cycle.","Стаціонарна станція Вчених: пакує біологічну сировину у зразки. Покладіть сировину в карго приладу та запустіть цикл.","Стаціонарна станція Вчених: пакує біологічну сировину у зразки. Покладіть сировину в карго приладу та запустіть цикл.","Стаціонарна станція Вчених: пакує біологічну сировину у зразки. Покладіть сировину в карго приладу та запустіть цикл.","Стаціонарна станція Вчених: пакує біологічну сировину у зразки. Покладіть сировину в карго приладу та запустіть цикл.","Стаціонарна станція Вчених: пакує біологічну сировину у зразки. Покладіть сировину в карго приладу та запустіть цикл.","Стаціонарна станція Вчених: пакує біологічну сировину у зразки. Покладіть сировину в карго приладу та запустіть цикл.","Стаціонарна станція Вчених: пакує біологічну сировину у зразки. Покладіть сировину в карго приладу та запустіть цикл.","Стаціонарна станція Вчених: пакує біологічну сировину у зразки. Покладіть сировину в карго приладу та запустіть цикл.","Стаціонарна станція Вчених: пакує біологічну сировину у зразки. Покладіть сировину в карго приладу та запустіть цикл.","Стаціонарна станція Вчених: пакує біологічну сировину у зразки. Покладіть сировину в карго приладу та запустіть цикл.","Стаціонарна станція Вчених: пакує біологічну сировину у зразки. Покладіть сировину в карго приладу та запустіть цикл.","Стаціонарна станція Вчених: пакує біологічну сировину у зразки. Покладіть сировину в карго приладу та запустіть цикл.",
"STR_OZL_eco_pack_anom","Пакувальник аномального (Вчені)","Anomaly packer (Scientists)","Пакувальник аномального (Вчені)","Пакувальник аномального (Вчені)","Пакувальник аномального (Вчені)","Пакувальник аномального (Вчені)","Пакувальник аномального (Вчені)","Пакувальник аномального (Вчені)","Пакувальник аномального (Вчені)","Пакувальник аномального (Вчені)","Пакувальник аномального (Вчені)","Пакувальник аномального (Вчені)","Пакувальник аномального (Вчені)","Пакувальник аномального (Вчені)",
"STR_OZL_eco_pack_anom_desc","Стаціонарна станція Вчених: пакує аномальну сировину у зразки. Покладіть сировину в карго приладу та запустіть цикл.","Scientists' station: packs anomalous raw material into samples. Load the cargo and start the cycle.","Стаціонарна станція Вчених: пакує аномальну сировину у зразки. Покладіть сировину в карго приладу та запустіть цикл.","Стаціонарна станція Вчених: пакує аномальну сировину у зразки. Покладіть сировину в карго приладу та запустіть цикл.","Стаціонарна станція Вчених: пакує аномальну сировину у зразки. Покладіть сировину в карго приладу та запустіть цикл.","Стаціонарна станція Вчених: пакує аномальну сировину у зразки. Покладіть сировину в карго приладу та запустіть цикл.","Стаціонарна станція Вчених: пакує аномальну сировину у зразки. Покладіть сировину в карго приладу та запустіть цикл.","Стаціонарна станція Вчених: пакує аномальну сировину у зразки. Покладіть сировину в карго приладу та запустіть цикл.","Стаціонарна станція Вчених: пакує аномальну сировину у зразки. Покладіть сировину в карго приладу та запустіть цикл.","Стаціонарна станція Вчених: пакує аномальну сировину у зразки. Покладіть сировину в карго приладу та запустіть цикл.","Стаціонарна станція Вчених: пакує аномальну сировину у зразки. Покладіть сировину в карго приладу та запустіть цикл.","Стаціонарна станція Вчених: пакує аномальну сировину у зразки. Покладіть сировину в карго приладу та запустіть цикл.","Стаціонарна станція Вчених: пакує аномальну сировину у зразки. Покладіть сировину в карго приладу та запустіть цикл.","Стаціонарна станція Вчених: пакує аномальну сировину у зразки. Покладіть сировину в карго приладу та запустіть цикл.",
"STR_OZL_eco_pack_electro","Пакувальник електроніки (Вчені)","Electronics packer (Scientists)","Пакувальник електроніки (Вчені)","Пакувальник електроніки (Вчені)","Пакувальник електроніки (Вчені)","Пакувальник електроніки (Вчені)","Пакувальник електроніки (Вчені)","Пакувальник електроніки (Вчені)","Пакувальник електроніки (Вчені)","Пакувальник електроніки (Вчені)","Пакувальник електроніки (Вчені)","Пакувальник електроніки (Вчені)","Пакувальник електроніки (Вчені)","Пакувальник електроніки (Вчені)",
"STR_OZL_eco_pack_electro_desc","Стаціонарна станція Вчених: пакує технічну сировину у зразки. Покладіть сировину в карго приладу та запустіть цикл.","Scientists' station: packs technical raw material into samples. Load the cargo and start the cycle.","Стаціонарна станція Вчених: пакує технічну сировину у зразки. Покладіть сировину в карго приладу та запустіть цикл.","Стаціонарна станція Вчених: пакує технічну сировину у зразки. Покладіть сировину в карго приладу та запустіть цикл.","Стаціонарна станція Вчених: пакує технічну сировину у зразки. Покладіть сировину в карго приладу та запустіть цикл.","Стаціонарна станція Вчених: пакує технічну сировину у зразки. Покладіть сировину в карго приладу та запустіть цикл.","Стаціонарна станція Вчених: пакує технічну сировину у зразки. Покладіть сировину в карго приладу та запустіть цикл.","Стаціонарна станція Вчених: пакує технічну сировину у зразки. Покладіть сировину в карго приладу та запустіть цикл.","Стаціонарна станція Вчених: пакує технічну сировину у зразки. Покладіть сировину в карго приладу та запустіть цикл.","Стаціонарна станція Вчених: пакує технічну сировину у зразки. Покладіть сировину в карго приладу та запустіть цикл.","Стаціонарна станція Вчених: пакує технічну сировину у зразки. Покладіть сировину в карго приладу та запустіть цикл.","Стаціонарна станція Вчених: пакує технічну сировину у зразки. Покладіть сировину в карго приладу та запустіть цикл.","Стаціонарна станція Вчених: пакує технічну сировину у зразки. Покладіть сировину в карго приладу та запустіть цикл.","Стаціонарна станція Вчених: пакує технічну сировину у зразки. Покладіть сировину в карго приладу та запустіть цикл.",
"STR_OZL_eco_proc_bio","Біоаналізатор (Вчені)","Bio analyzer (Scientists)","Біоаналізатор (Вчені)","Біоаналізатор (Вчені)","Біоаналізатор (Вчені)","Біоаналізатор (Вчені)","Біоаналізатор (Вчені)","Біоаналізатор (Вчені)","Біоаналізатор (Вчені)","Біоаналізатор (Вчені)","Біоаналізатор (Вчені)","Біоаналізатор (Вчені)","Біоаналізатор (Вчені)","Біоаналізатор (Вчені)",
"STR_OZL_eco_proc_bio_desc","Стаціонарна станція Вчених: переробляє біозразки на носії даних. Покладіть зразки в карго приладу та запустіть цикл.","Scientists' station: turns bio samples into data carriers. Load the cargo and start the cycle.","Стаціонарна станція Вчених: переробляє біозразки на носії даних. Покладіть зразки в карго приладу та запустіть цикл.","Стаціонарна станція Вчених: переробляє біозразки на носії даних. Покладіть зразки в карго приладу та запустіть цикл.","Стаціонарна станція Вчених: переробляє біозразки на носії даних. Покладіть зразки в карго приладу та запустіть цикл.","Стаціонарна станція Вчених: переробляє біозразки на носії даних. Покладіть зразки в карго приладу та запустіть цикл.","Стаціонарна станція Вчених: переробляє біозразки на носії даних. Покладіть зразки в карго приладу та запустіть цикл.","Стаціонарна станція Вчених: переробляє біозразки на носії даних. Покладіть зразки в карго приладу та запустіть цикл.","Стаціонарна станція Вчених: переробляє біозразки на носії даних. Покладіть зразки в карго приладу та запустіть цикл.","Стаціонарна станція Вчених: переробляє біозразки на носії даних. Покладіть зразки в карго приладу та запустіть цикл.","Стаціонарна станція Вчених: переробляє біозразки на носії даних. Покладіть зразки в карго приладу та запустіть цикл.","Стаціонарна станція Вчених: переробляє біозразки на носії даних. Покладіть зразки в карго приладу та запустіть цикл.","Стаціонарна станція Вчених: переробляє біозразки на носії даних. Покладіть зразки в карго приладу та запустіть цикл.","Стаціонарна станція Вчених: переробляє біозразки на носії даних. Покладіть зразки в карго приладу та запустіть цикл.",
"STR_OZL_eco_proc_anom","Аналізатор аномального (Вчені)","Anomaly analyzer (Scientists)","Аналізатор аномального (Вчені)","Аналізатор аномального (Вчені)","Аналізатор аномального (Вчені)","Аналізатор аномального (Вчені)","Аналізатор аномального (Вчені)","Аналізатор аномального (Вчені)","Аналізатор аномального (Вчені)","Аналізатор аномального (Вчені)","Аналізатор аномального (Вчені)","Аналізатор аномального (Вчені)","Аналізатор аномального (Вчені)","Аналізатор аномального (Вчені)",
"STR_OZL_eco_proc_anom_desc","Стаціонарна станція Вчених: переробляє аномальні зразки на носії даних. Покладіть зразки в карго приладу та запустіть цикл.","Scientists' station: turns anomalous samples into data carriers. Load the cargo and start the cycle.","Стаціонарна станція Вчених: переробляє аномальні зразки на носії даних. Покладіть зразки в карго приладу та запустіть цикл.","Стаціонарна станція Вчених: переробляє аномальні зразки на носії даних. Покладіть зразки в карго приладу та запустіть цикл.","Стаціонарна станція Вчених: переробляє аномальні зразки на носії даних. Покладіть зразки в карго приладу та запустіть цикл.","Стаціонарна станція Вчених: переробляє аномальні зразки на носії даних. Покладіть зразки в карго приладу та запустіть цикл.","Стаціонарна станція Вчених: переробляє аномальні зразки на носії даних. Покладіть зразки в карго приладу та запустіть цикл.","Стаціонарна станція Вчених: переробляє аномальні зразки на носії даних. Покладіть зразки в карго приладу та запустіть цикл.","Стаціонарна станція Вчених: переробляє аномальні зразки на носії даних. Покладіть зразки в карго приладу та запустіть цикл.","Стаціонарна станція Вчених: переробляє аномальні зразки на носії даних. Покладіть зразки в карго приладу та запустіть цикл.","Стаціонарна станція Вчених: переробляє аномальні зразки на носії даних. Покладіть зразки в карго приладу та запустіть цикл.","Стаціонарна станція Вчених: переробляє аномальні зразки на носії даних. Покладіть зразки в карго приладу та запустіть цикл.","Стаціонарна станція Вчених: переробляє аномальні зразки на носії даних. Покладіть зразки в карго приладу та запустіть цикл.","Стаціонарна станція Вчених: переробляє аномальні зразки на носії даних. Покладіть зразки в карго приладу та запустіть цикл.",
"STR_OZL_eco_proc_electro","Аналізатор електроніки (Вчені)","Electronics analyzer (Scientists)","Аналізатор електроніки (Вчені)","Аналізатор електроніки (Вчені)","Аналізатор електроніки (Вчені)","Аналізатор електроніки (Вчені)","Аналізатор електроніки (Вчені)","Аналізатор електроніки (Вчені)","Аналізатор електроніки (Вчені)","Аналізатор електроніки (Вчені)","Аналізатор електроніки (Вчені)","Аналізатор електроніки (Вчені)","Аналізатор електроніки (Вчені)","Аналізатор електроніки (Вчені)",
"STR_OZL_eco_proc_electro_desc","Стаціонарна станція Вчених: переробляє технічні зразки на носії даних. Покладіть зразки в карго приладу та запустіть цикл.","Scientists' station: turns technical samples into data carriers. Load the cargo and start the cycle.","Стаціонарна станція Вчених: переробляє технічні зразки на носії даних. Покладіть зразки в карго приладу та запустіть цикл.","Стаціонарна станція Вчених: переробляє технічні зразки на носії даних. Покладіть зразки в карго приладу та запустіть цикл.","Стаціонарна станція Вчених: переробляє технічні зразки на носії даних. Покладіть зразки в карго приладу та запустіть цикл.","Стаціонарна станція Вчених: переробляє технічні зразки на носії даних. Покладіть зразки в карго приладу та запустіть цикл.","Стаціонарна станція Вчених: переробляє технічні зразки на носії даних. Покладіть зразки в карго приладу та запустіть цикл.","Стаціонарна станція Вчених: переробляє технічні зразки на носії даних. Покладіть зразки в карго приладу та запустіть цикл.","Стаціонарна станція Вчених: переробляє технічні зразки на носії даних. Покладіть зразки в карго приладу та запустіть цикл.","Стаціонарна станція Вчених: переробляє технічні зразки на носії даних. Покладіть зразки в карго приладу та запустіть цикл.","Стаціонарна станція Вчених: переробляє технічні зразки на носії даних. Покладіть зразки в карго приладу та запустіть цикл.","Стаціонарна станція Вчених: переробляє технічні зразки на носії даних. Покладіть зразки в карго приладу та запустіть цикл.","Стаціонарна станція Вчених: переробляє технічні зразки на носії даних. Покладіть зразки в карго приладу та запустіть цикл.","Стаціонарна станція Вчених: переробляє технічні зразки на носії даних. Покладіть зразки в карго приладу та запустіть цикл.",
"STR_OZL_sky_pack_bio","Біопакувальник (Чисте небо)","Bio packer (Clear Sky)","Біопакувальник (Чисте небо)","Біопакувальник (Чисте небо)","Біопакувальник (Чисте небо)","Біопакувальник (Чисте небо)","Біопакувальник (Чисте небо)","Біопакувальник (Чисте небо)","Біопакувальник (Чисте небо)","Біопакувальник (Чисте небо)","Біопакувальник (Чисте небо)","Біопакувальник (Чисте небо)","Біопакувальник (Чисте небо)","Біопакувальник (Чисте небо)",
"STR_OZL_sky_pack_bio_desc","Стаціонарна станція Чистого неба: пакує біологічну сировину у зразки. Покладіть сировину в карго приладу та запустіть цикл.","Clear Sky station: packs biological raw material into samples. Load the cargo and start the cycle.","Стаціонарна станція Чистого неба: пакує біологічну сировину у зразки. Покладіть сировину в карго приладу та запустіть цикл.","Стаціонарна станція Чистого неба: пакує біологічну сировину у зразки. Покладіть сировину в карго приладу та запустіть цикл.","Стаціонарна станція Чистого неба: пакує біологічну сировину у зразки. Покладіть сировину в карго приладу та запустіть цикл.","Стаціонарна станція Чистого неба: пакує біологічну сировину у зразки. Покладіть сировину в карго приладу та запустіть цикл.","Стаціонарна станція Чистого неба: пакує біологічну сировину у зразки. Покладіть сировину в карго приладу та запустіть цикл.","Стаціонарна станція Чистого неба: пакує біологічну сировину у зразки. Покладіть сировину в карго приладу та запустіть цикл.","Стаціонарна станція Чистого неба: пакує біологічну сировину у зразки. Покладіть сировину в карго приладу та запустіть цикл.","Стаціонарна станція Чистого неба: пакує біологічну сировину у зразки. Покладіть сировину в карго приладу та запустіть цикл.","Стаціонарна станція Чистого неба: пакує біологічну сировину у зразки. Покладіть сировину в карго приладу та запустіть цикл.","Стаціонарна станція Чистого неба: пакує біологічну сировину у зразки. Покладіть сировину в карго приладу та запустіть цикл.","Стаціонарна станція Чистого неба: пакує біологічну сировину у зразки. Покладіть сировину в карго приладу та запустіть цикл.","Стаціонарна станція Чистого неба: пакує біологічну сировину у зразки. Покладіть сировину в карго приладу та запустіть цикл.",
"STR_OZL_sky_pack_anom","Пакувальник аномального (Чисте небо)","Anomaly packer (Clear Sky)","Пакувальник аномального (Чисте небо)","Пакувальник аномального (Чисте небо)","Пакувальник аномального (Чисте небо)","Пакувальник аномального (Чисте небо)","Пакувальник аномального (Чисте небо)","Пакувальник аномального (Чисте небо)","Пакувальник аномального (Чисте небо)","Пакувальник аномального (Чисте небо)","Пакувальник аномального (Чисте небо)","Пакувальник аномального (Чисте небо)","Пакувальник аномального (Чисте небо)","Пакувальник аномального (Чисте небо)",
"STR_OZL_sky_pack_anom_desc","Стаціонарна станція Чистого неба: пакує аномальну сировину у зразки. Покладіть сировину в карго приладу та запустіть цикл.","Clear Sky station: packs anomalous raw material into samples. Load the cargo and start the cycle.","Стаціонарна станція Чистого неба: пакує аномальну сировину у зразки. Покладіть сировину в карго приладу та запустіть цикл.","Стаціонарна станція Чистого неба: пакує аномальну сировину у зразки. Покладіть сировину в карго приладу та запустіть цикл.","Стаціонарна станція Чистого неба: пакує аномальну сировину у зразки. Покладіть сировину в карго приладу та запустіть цикл.","Стаціонарна станція Чистого неба: пакує аномальну сировину у зразки. Покладіть сировину в карго приладу та запустіть цикл.","Стаціонарна станція Чистого неба: пакує аномальну сировину у зразки. Покладіть сировину в карго приладу та запустіть цикл.","Стаціонарна станція Чистого неба: пакує аномальну сировину у зразки. Покладіть сировину в карго приладу та запустіть цикл.","Стаціонарна станція Чистого неба: пакує аномальну сировину у зразки. Покладіть сировину в карго приладу та запустіть цикл.","Стаціонарна станція Чистого неба: пакує аномальну сировину у зразки. Покладіть сировину в карго приладу та запустіть цикл.","Стаціонарна станція Чистого неба: пакує аномальну сировину у зразки. Покладіть сировину в карго приладу та запустіть цикл.","Стаціонарна станція Чистого неба: пакує аномальну сировину у зразки. Покладіть сировину в карго приладу та запустіть цикл.","Стаціонарна станція Чистого неба: пакує аномальну сировину у зразки. Покладіть сировину в карго приладу та запустіть цикл.","Стаціонарна станція Чистого неба: пакує аномальну сировину у зразки. Покладіть сировину в карго приладу та запустіть цикл.",
"STR_OZL_sky_pack_electro","Пакувальник електроніки (Чисте небо)","Electronics packer (Clear Sky)","Пакувальник електроніки (Чисте небо)","Пакувальник електроніки (Чисте небо)","Пакувальник електроніки (Чисте небо)","Пакувальник електроніки (Чисте небо)","Пакувальник електроніки (Чисте небо)","Пакувальник електроніки (Чисте небо)","Пакувальник електроніки (Чисте небо)","Пакувальник електроніки (Чисте небо)","Пакувальник електроніки (Чисте небо)","Пакувальник електроніки (Чисте небо)","Пакувальник електроніки (Чисте небо)","Пакувальник електроніки (Чисте небо)",
"STR_OZL_sky_pack_electro_desc","Стаціонарна станція Чистого неба: пакує технічну сировину у зразки. Покладіть сировину в карго приладу та запустіть цикл.","Clear Sky station: packs technical raw material into samples. Load the cargo and start the cycle.","Стаціонарна станція Чистого неба: пакує технічну сировину у зразки. Покладіть сировину в карго приладу та запустіть цикл.","Стаціонарна станція Чистого неба: пакує технічну сировину у зразки. Покладіть сировину в карго приладу та запустіть цикл.","Стаціонарна станція Чистого неба: пакує технічну сировину у зразки. Покладіть сировину в карго приладу та запустіть цикл.","Стаціонарна станція Чистого неба: пакує технічну сировину у зразки. Покладіть сировину в карго приладу та запустіть цикл.","Стаціонарна станція Чистого неба: пакує технічну сировину у зразки. Покладіть сировину в карго приладу та запустіть цикл.","Стаціонарна станція Чистого неба: пакує технічну сировину у зразки. Покладіть сировину в карго приладу та запустіть цикл.","Стаціонарна станція Чистого неба: пакує технічну сировину у зразки. Покладіть сировину в карго приладу та запустіть цикл.","Стаціонарна станція Чистого неба: пакує технічну сировину у зразки. Покладіть сировину в карго приладу та запустіть цикл.","Стаціонарна станція Чистого неба: пакує технічну сировину у зразки. Покладіть сировину в карго приладу та запустіть цикл.","Стаціонарна станція Чистого неба: пакує технічну сировину у зразки. Покладіть сировину в карго приладу та запустіть цикл.","Стаціонарна станція Чистого неба: пакує технічну сировину у зразки. Покладіть сировину в карго приладу та запустіть цикл.","Стаціонарна станція Чистого неба: пакує технічну сировину у зразки. Покладіть сировину в карго приладу та запустіть цикл.",
"STR_OZL_sky_proc_bio","Біоаналізатор (Чисте небо)","Bio analyzer (Clear Sky)","Біоаналізатор (Чисте небо)","Біоаналізатор (Чисте небо)","Біоаналізатор (Чисте небо)","Біоаналізатор (Чисте небо)","Біоаналізатор (Чисте небо)","Біоаналізатор (Чисте небо)","Біоаналізатор (Чисте небо)","Біоаналізатор (Чисте небо)","Біоаналізатор (Чисте небо)","Біоаналізатор (Чисте небо)","Біоаналізатор (Чисте небо)","Біоаналізатор (Чисте небо)",
"STR_OZL_sky_proc_bio_desc","Стаціонарна станція Чистого неба: переробляє біозразки на носії даних. Покладіть зразки в карго приладу та запустіть цикл.","Clear Sky station: turns bio samples into data carriers. Load the cargo and start the cycle.","Стаціонарна станція Чистого неба: переробляє біозразки на носії даних. Покладіть зразки в карго приладу та запустіть цикл.","Стаціонарна станція Чистого неба: переробляє біозразки на носії даних. Покладіть зразки в карго приладу та запустіть цикл.","Стаціонарна станція Чистого неба: переробляє біозразки на носії даних. Покладіть зразки в карго приладу та запустіть цикл.","Стаціонарна станція Чистого неба: переробляє біозразки на носії даних. Покладіть зразки в карго приладу та запустіть цикл.","Стаціонарна станція Чистого неба: переробляє біозразки на носії даних. Покладіть зразки в карго приладу та запустіть цикл.","Стаціонарна станція Чистого неба: переробляє біозразки на носії даних. Покладіть зразки в карго приладу та запустіть цикл.","Стаціонарна станція Чистого неба: переробляє біозразки на носії даних. Покладіть зразки в карго приладу та запустіть цикл.","Стаціонарна станція Чистого неба: переробляє біозразки на носії даних. Покладіть зразки в карго приладу та запустіть цикл.","Стаціонарна станція Чистого неба: переробляє біозразки на носії даних. Покладіть зразки в карго приладу та запустіть цикл.","Стаціонарна станція Чистого неба: переробляє біозразки на носії даних. Покладіть зразки в карго приладу та запустіть цикл.","Стаціонарна станція Чистого неба: переробляє біозразки на носії даних. Покладіть зразки в карго приладу та запустіть цикл.","Стаціонарна станція Чистого неба: переробляє біозразки на носії даних. Покладіть зразки в карго приладу та запустіть цикл.",
"STR_OZL_sky_proc_anom","Аналізатор аномального (Чисте небо)","Anomaly analyzer (Clear Sky)","Аналізатор аномального (Чисте небо)","Аналізатор аномального (Чисте небо)","Аналізатор аномального (Чисте небо)","Аналізатор аномального (Чисте небо)","Аналізатор аномального (Чисте небо)","Аналізатор аномального (Чисте небо)","Аналізатор аномального (Чисте небо)","Аналізатор аномального (Чисте небо)","Аналізатор аномального (Чисте небо)","Аналізатор аномального (Чисте небо)","Аналізатор аномального (Чисте небо)","Аналізатор аномального (Чисте небо)",
"STR_OZL_sky_proc_anom_desc","Стаціонарна станція Чистого неба: переробляє аномальні зразки на носії даних. Покладіть зразки в карго приладу та запустіть цикл.","Clear Sky station: turns anomalous samples into data carriers. Load the cargo and start the cycle.","Стаціонарна станція Чистого неба: переробляє аномальні зразки на носії даних. Покладіть зразки в карго приладу та запустіть цикл.","Стаціонарна станція Чистого неба: переробляє аномальні зразки на носії даних. Покладіть зразки в карго приладу та запустіть цикл.","Стаціонарна станція Чистого неба: переробляє аномальні зразки на носії даних. Покладіть зразки в карго приладу та запустіть цикл.","Стаціонарна станція Чистого неба: переробляє аномальні зразки на носії даних. Покладіть зразки в карго приладу та запустіть цикл.","Стаціонарна станція Чистого неба: переробляє аномальні зразки на носії даних. Покладіть зразки в карго приладу та запустіть цикл.","Стаціонарна станція Чистого неба: переробляє аномальні зразки на носії даних. Покладіть зразки в карго приладу та запустіть цикл.","Стаціонарна станція Чистого неба: переробляє аномальні зразки на носії даних. Покладіть зразки в карго приладу та запустіть цикл.","Стаціонарна станція Чистого неба: переробляє аномальні зразки на носії даних. Покладіть зразки в карго приладу та запустіть цикл.","Стаціонарна станція Чистого неба: переробляє аномальні зразки на носії даних. Покладіть зразки в карго приладу та запустіть цикл.","Стаціонарна станція Чистого неба: переробляє аномальні зразки на носії даних. Покладіть зразки в карго приладу та запустіть цикл.","Стаціонарна станція Чистого неба: переробляє аномальні зразки на носії даних. Покладіть зразки в карго приладу та запустіть цикл.","Стаціонарна станція Чистого неба: переробляє аномальні зразки на носії даних. Покладіть зразки в карго приладу та запустіть цикл.",
"STR_OZL_sky_proc_electro","Аналізатор електроніки (Чисте небо)","Electronics analyzer (Clear Sky)","Аналізатор електроніки (Чисте небо)","Аналізатор електроніки (Чисте небо)","Аналізатор електроніки (Чисте небо)","Аналізатор електроніки (Чисте небо)","Аналізатор електроніки (Чисте небо)","Аналізатор електроніки (Чисте небо)","Аналізатор електроніки (Чисте небо)","Аналізатор електроніки (Чисте небо)","Аналізатор електроніки (Чисте небо)","Аналізатор електроніки (Чисте небо)","Аналізатор електроніки (Чисте небо)","Аналізатор електроніки (Чисте небо)",
"STR_OZL_sky_proc_electro_desc","Стаціонарна станція Чистого неба: переробляє технічні зразки на носії даних. Покладіть зразки в карго приладу та запустіть цикл.","Clear Sky station: turns technical samples into data carriers. Load the cargo and start the cycle.","Стаціонарна станція Чистого неба: переробляє технічні зразки на носії даних. Покладіть зразки в карго приладу та запустіть цикл.","Стаціонарна станція Чистого неба: переробляє технічні зразки на носії даних. Покладіть зразки в карго приладу та запустіть цикл.","Стаціонарна станція Чистого неба: переробляє технічні зразки на носії даних. Покладіть зразки в карго приладу та запустіть цикл.","Стаціонарна станція Чистого неба: переробляє технічні зразки на носії даних. Покладіть зразки в карго приладу та запустіть цикл.","Стаціонарна станція Чистого неба: переробляє технічні зразки на носії даних. Покладіть зразки в карго приладу та запустіть цикл.","Стаціонарна станція Чистого неба: переробляє технічні зразки на носії даних. Покладіть зразки в карго приладу та запустіть цикл.","Стаціонарна станція Чистого неба: переробляє технічні зразки на носії даних. Покладіть зразки в карго приладу та запустіть цикл.","Стаціонарна станція Чистого неба: переробляє технічні зразки на носії даних. Покладіть зразки в карго приладу та запустіть цикл.","Стаціонарна станція Чистого неба: переробляє технічні зразки на носії даних. Покладіть зразки в карго приладу та запустіть цикл.","Стаціонарна станція Чистого неба: переробляє технічні зразки на носії даних. Покладіть зразки в карго приладу та запустіть цикл.","Стаціонарна станція Чистого неба: переробляє технічні зразки на носії даних. Покладіть зразки в карго приладу та запустіть цикл.","Стаціонарна станція Чистого неба: переробляє технічні зразки на носії даних. Покладіть зразки в карго приладу та запустіть цикл.",
"STR_OZL_slot_tool","Модуль","Модуль","Модуль","Модуль","Модуль","Модуль","Модуль","Модуль","Модуль","Модуль","Модуль","Модуль","Модуль","Модуль",
"STR_OZL_tool_optics","Оптичний модуль","Оптичний модуль","Оптичний модуль","Оптичний модуль","Оптичний модуль","Оптичний модуль","Оптичний модуль","Оптичний модуль","Оптичний модуль","Оптичний модуль","Оптичний модуль","Оптичний модуль","Оптичний модуль","Оптичний модуль",
"STR_OZL_tool_optics_desc","Приладдя для тонкого аналізу зразків.","Приладдя для тонкого аналізу зразків.","Приладдя для тонкого аналізу зразків.","Приладдя для тонкого аналізу зразків.","Приладдя для тонкого аналізу зразків.","Приладдя для тонкого аналізу зразків.","Приладдя для тонкого аналізу зразків.","Приладдя для тонкого аналізу зразків.","Приладдя для тонкого аналізу зразків.","Приладдя для тонкого аналізу зразків.","Приладдя для тонкого аналізу зразків.","Приладдя для тонкого аналізу зразків.","Приладдя для тонкого аналізу зразків.","Приладдя для тонкого аналізу зразків.",
"STR_OZL_tool_centrifuge","Центрифуга","Центрифуга","Центрифуга","Центрифуга","Центрифуга","Центрифуга","Центрифуга","Центрифуга","Центрифуга","Центрифуга","Центрифуга","Центрифуга","Центрифуга","Центрифуга",
"STR_OZL_tool_centrifuge_desc","Розділяє фракції зразка.","Розділяє фракції зразка.","Розділяє фракції зразка.","Розділяє фракції зразка.","Розділяє фракції зразка.","Розділяє фракції зразка.","Розділяє фракції зразка.","Розділяє фракції зразка.","Розділяє фракції зразка.","Розділяє фракції зразка.","Розділяє фракції зразка.","Розділяє фракції зразка.","Розділяє фракції зразка.","Розділяє фракції зразка.",
"STR_OZL_tool_reagents","Набір реагентів","Набір реагентів","Набір реагентів","Набір реагентів","Набір реагентів","Набір реагентів","Набір реагентів","Набір реагентів","Набір реагентів","Набір реагентів","Набір реагентів","Набір реагентів","Набір реагентів","Набір реагентів",
"STR_OZL_tool_reagents_desc","Хімічні реагенти для обробки проб.","Хімічні реагенти для обробки проб.","Хімічні реагенти для обробки проб.","Хімічні реагенти для обробки проб.","Хімічні реагенти для обробки проб.","Хімічні реагенти для обробки проб.","Хімічні реагенти для обробки проб.","Хімічні реагенти для обробки проб.","Хімічні реагенти для обробки проб.","Хімічні реагенти для обробки проб.","Хімічні реагенти для обробки проб.","Хімічні реагенти для обробки проб.","Хімічні реагенти для обробки проб.","Хімічні реагенти для обробки проб.",
"STR_OZL_sample","Зразок","Зразок","Зразок","Зразок","Зразок","Зразок","Зразок","Зразок","Зразок","Зразок","Зразок","Зразок","Зразок","Зразок",
"STR_OZL_sample_desc","Запаяний контейнер із матеріалом, підготовленим до аналізу. Що саме всередині, покаже лише прилад.","Запаяний контейнер із матеріалом, підготовленим до аналізу. Що саме всередині, покаже лише прилад.","Запаяний контейнер із матеріалом, підготовленим до аналізу. Що саме всередині, покаже лише прилад.","Запаяний контейнер із матеріалом, підготовленим до аналізу. Що саме всередині, покаже лише прилад.","Запаяний контейнер із матеріалом, підготовленим до аналізу. Що саме всередині, покаже лише прилад.","Запаяний контейнер із матеріалом, підготовленим до аналізу. Що саме всередині, покаже лише прилад.","Запаяний контейнер із матеріалом, підготовленим до аналізу. Що саме всередині, покаже лише прилад.","Запаяний контейнер із матеріалом, підготовленим до аналізу. Що саме всередині, покаже лише прилад.","Запаяний контейнер із матеріалом, підготовленим до аналізу. Що саме всередині, покаже лише прилад.","Запаяний контейнер із матеріалом, підготовленим до аналізу. Що саме всередині, покаже лише прилад.","Запаяний контейнер із матеріалом, підготовленим до аналізу. Що саме всередині, покаже лише прилад.","Запаяний контейнер із матеріалом, підготовленим до аналізу. Що саме всередині, покаже лише прилад.","Запаяний контейнер із матеріалом, підготовленим до аналізу. Що саме всередині, покаже лише прилад.","Запаяний контейнер із матеріалом, підготовленим до аналізу. Що саме всередині, покаже лише прилад.",
"STR_OZL_data_unknown","Носій даних (не налаштовано)","Носій даних (не налаштовано)","Носій даних (не налаштовано)","Носій даних (не налаштовано)","Носій даних (не налаштовано)","Носій даних (не налаштовано)","Носій даних (не налаштовано)","Носій даних (не налаштовано)","Носій даних (не налаштовано)","Носій даних (не налаштовано)","Носій даних (не налаштовано)","Носій даних (не налаштовано)","Носій даних (не налаштовано)","Носій даних (не налаштовано)",
"STR_OZL_data_unknown_desc","Заготовка носія даних. Опис з'явиться, коли адміністратор опише її в DataItems.json.","Заготовка носія даних. Опис з'явиться, коли адміністратор опише її в DataItems.json.","Заготовка носія даних. Опис з'явиться, коли адміністратор опише її в DataItems.json.","Заготовка носія даних. Опис з'явиться, коли адміністратор опише її в DataItems.json.","Заготовка носія даних. Опис з'явиться, коли адміністратор опише її в DataItems.json.","Заготовка носія даних. Опис з'явиться, коли адміністратор опише її в DataItems.json.","Заготовка носія даних. Опис з'явиться, коли адміністратор опише її в DataItems.json.","Заготовка носія даних. Опис з'явиться, коли адміністратор опише її в DataItems.json.","Заготовка носія даних. Опис з'явиться, коли адміністратор опише її в DataItems.json.","Заготовка носія даних. Опис з'явиться, коли адміністратор опише її в DataItems.json.","Заготовка носія даних. Опис з'явиться, коли адміністратор опише її в DataItems.json.","Заготовка носія даних. Опис з'явиться, коли адміністратор опише її в DataItems.json.","Заготовка носія даних. Опис з'явиться, коли адміністратор опише її в DataItems.json.","Заготовка носія даних. Опис з'явиться, коли адміністратор опише її в DataItems.json.",
"STR_OZL_data_01","Біодані 01 (не налаштовано)","Bio data 01 (not configured)","Біодані 01 (не налаштовано)","Біодані 01 (не налаштовано)","Біодані 01 (не налаштовано)","Біодані 01 (не налаштовано)","Біодані 01 (не налаштовано)","Біодані 01 (не налаштовано)","Біодані 01 (не налаштовано)","Біодані 01 (не налаштовано)","Біодані 01 (не налаштовано)","Біодані 01 (не налаштовано)","Біодані 01 (не налаштовано)","Біодані 01 (не налаштовано)",
"STR_OZL_data_01_desc","Заготовка носія біологічних даних. Назва, опис і бали з'являться, коли адміністратор опише її в DataItems.json.","A blank carrier of biological data. Its name, description and points appear once an administrator defines it in DataItems.json.","Заготовка носія біологічних даних. Назва, опис і бали з'являться, коли адміністратор опише її в DataItems.json.","Заготовка носія біологічних даних. Назва, опис і бали з'являться, коли адміністратор опише її в DataItems.json.","Заготовка носія біологічних даних. Назва, опис і бали з'являться, коли адміністратор опише її в DataItems.json.","Заготовка носія біологічних даних. Назва, опис і бали з'являться, коли адміністратор опише її в DataItems.json.","Заготовка носія біологічних даних. Назва, опис і бали з'являться, коли адміністратор опише її в DataItems.json.","Заготовка носія біологічних даних. Назва, опис і бали з'являться, коли адміністратор опише її в DataItems.json.","Заготовка носія біологічних даних. Назва, опис і бали з'являться, коли адміністратор опише її в DataItems.json.","Заготовка носія біологічних даних. Назва, опис і бали з'являться, коли адміністратор опише її в DataItems.json.","Заготовка носія біологічних даних. Назва, опис і бали з'являться, коли адміністратор опише її в DataItems.json.","Заготовка носія біологічних даних. Назва, опис і бали з'являться, коли адміністратор опише її в DataItems.json.","Заготовка носія біологічних даних. Назва, опис і бали з'являться, коли адміністратор опише її в DataItems.json.","Заготовка носія біологічних даних. Назва, опис і бали з'являться, коли адміністратор опише її в DataItems.json.",
"STR_OZL_data_02","Біодані 02 (не налаштовано)","Bio data 02 (not configured)","Біодані 02 (не налаштовано)","Біодані 02 (не налаштовано)","Біодані 02 (не налаштовано)","Біодані 02 (не налаштовано)","Біодані 02 (не налаштовано)","Біодані 02 (не налаштовано)","Біодані 02 (не налаштовано)","Біодані 02 (не налаштовано)","Біодані 02 (не налаштовано)","Біодані 02 (не налаштовано)","Біодані 02 (не налаштовано)","Біодані 02 (не налаштовано)",
"STR_OZL_data_02_desc","Заготовка носія біологічних даних. Назва, опис і бали з'являться, коли адміністратор опише її в DataItems.json.","A blank carrier of biological data. Its name, description and points appear once an administrator defines it in DataItems.json.","Заготовка носія біологічних даних. Назва, опис і бали з'являться, коли адміністратор опише її в DataItems.json.","Заготовка носія біологічних даних. Назва, опис і бали з'являться, коли адміністратор опише її в DataItems.json.","Заготовка носія біологічних даних. Назва, опис і бали з'являться, коли адміністратор опише її в DataItems.json.","Заготовка носія біологічних даних. Назва, опис і бали з'являться, коли адміністратор опише її в DataItems.json.","Заготовка носія біологічних даних. Назва, опис і бали з'являться, коли адміністратор опише її в DataItems.json.","Заготовка носія біологічних даних. Назва, опис і бали з'являться, коли адміністратор опише її в DataItems.json.","Заготовка носія біологічних даних. Назва, опис і бали з'являться, коли адміністратор опише її в DataItems.json.","Заготовка носія біологічних даних. Назва, опис і бали з'являться, коли адміністратор опише її в DataItems.json.","Заготовка носія біологічних даних. Назва, опис і бали з'являться, коли адміністратор опише її в DataItems.json.","Заготовка носія біологічних даних. Назва, опис і бали з'являться, коли адміністратор опише її в DataItems.json.","Заготовка носія біологічних даних. Назва, опис і бали з'являться, коли адміністратор опише її в DataItems.json.","Заготовка носія біологічних даних. Назва, опис і бали з'являться, коли адміністратор опише її в DataItems.json.",
"STR_OZL_data_03","Біодані 03 (не налаштовано)","Bio data 03 (not configured)","Біодані 03 (не налаштовано)","Біодані 03 (не налаштовано)","Біодані 03 (не налаштовано)","Біодані 03 (не налаштовано)","Біодані 03 (не налаштовано)","Біодані 03 (не налаштовано)","Біодані 03 (не налаштовано)","Біодані 03 (не налаштовано)","Біодані 03 (не налаштовано)","Біодані 03 (не налаштовано)","Біодані 03 (не налаштовано)","Біодані 03 (не налаштовано)",
"STR_OZL_data_03_desc","Заготовка носія біологічних даних. Назва, опис і бали з'являться, коли адміністратор опише її в DataItems.json.","A blank carrier of biological data. Its name, description and points appear once an administrator defines it in DataItems.json.","Заготовка носія біологічних даних. Назва, опис і бали з'являться, коли адміністратор опише її в DataItems.json.","Заготовка носія біологічних даних. Назва, опис і бали з'являться, коли адміністратор опише її в DataItems.json.","Заготовка носія біологічних даних. Назва, опис і бали з'являться, коли адміністратор опише її в DataItems.json.","Заготовка носія біологічних даних. Назва, опис і бали з'являться, коли адміністратор опише її в DataItems.json.","Заготовка носія біологічних даних. Назва, опис і бали з'являться, коли адміністратор опише її в DataItems.json.","Заготовка носія біологічних даних. Назва, опис і бали з'являться, коли адміністратор опише її в DataItems.json.","Заготовка носія біологічних даних. Назва, опис і бали з'являться, коли адміністратор опише її в DataItems.json.","Заготовка носія біологічних даних. Назва, опис і бали з'являться, коли адміністратор опише її в DataItems.json.","Заготовка носія біологічних даних. Назва, опис і бали з'являться, коли адміністратор опише її в DataItems.json.","Заготовка носія біологічних даних. Назва, опис і бали з'являться, коли адміністратор опише її в DataItems.json.","Заготовка носія біологічних даних. Назва, опис і бали з'являться, коли адміністратор опише її в DataItems.json.","Заготовка носія біологічних даних. Назва, опис і бали з'являться, коли адміністратор опише її в DataItems.json.",
"STR_OZL_data_04","Біодані 04 (не налаштовано)","Bio data 04 (not configured)","Біодані 04 (не налаштовано)","Біодані 04 (не налаштовано)","Біодані 04 (не налаштовано)","Біодані 04 (не налаштовано)","Біодані 04 (не налаштовано)","Біодані 04 (не налаштовано)","Біодані 04 (не налаштовано)","Біодані 04 (не налаштовано)","Біодані 04 (не налаштовано)","Біодані 04 (не налаштовано)","Біодані 04 (не налаштовано)","Біодані 04 (не налаштовано)",
"STR_OZL_data_04_desc","Заготовка носія біологічних даних. Назва, опис і бали з'являться, коли адміністратор опише її в DataItems.json.","A blank carrier of biological data. Its name, description and points appear once an administrator defines it in DataItems.json.","Заготовка носія біологічних даних. Назва, опис і бали з'являться, коли адміністратор опише її в DataItems.json.","Заготовка носія біологічних даних. Назва, опис і бали з'являться, коли адміністратор опише її в DataItems.json.","Заготовка носія біологічних даних. Назва, опис і бали з'являться, коли адміністратор опише її в DataItems.json.","Заготовка носія біологічних даних. Назва, опис і бали з'являться, коли адміністратор опише її в DataItems.json.","Заготовка носія біологічних даних. Назва, опис і бали з'являться, коли адміністратор опише її в DataItems.json.","Заготовка носія біологічних даних. Назва, опис і бали з'являться, коли адміністратор опише її в DataItems.json.","Заготовка носія біологічних даних. Назва, опис і бали з'являться, коли адміністратор опише її в DataItems.json.","Заготовка носія біологічних даних. Назва, опис і бали з'являться, коли адміністратор опише її в DataItems.json.","Заготовка носія біологічних даних. Назва, опис і бали з'являться, коли адміністратор опише її в DataItems.json.","Заготовка носія біологічних даних. Назва, опис і бали з'являться, коли адміністратор опише її в DataItems.json.","Заготовка носія біологічних даних. Назва, опис і бали з'являться, коли адміністратор опише її в DataItems.json.","Заготовка носія біологічних даних. Назва, опис і бали з'являться, коли адміністратор опише її в DataItems.json.",
"STR_OZL_data_05","Біодані 05 (не налаштовано)","Bio data 05 (not configured)","Біодані 05 (не налаштовано)","Біодані 05 (не налаштовано)","Біодані 05 (не налаштовано)","Біодані 05 (не налаштовано)","Біодані 05 (не налаштовано)","Біодані 05 (не налаштовано)","Біодані 05 (не налаштовано)","Біодані 05 (не налаштовано)","Біодані 05 (не налаштовано)","Біодані 05 (не налаштовано)","Біодані 05 (не налаштовано)","Біодані 05 (не налаштовано)",
"STR_OZL_data_05_desc","Заготовка носія біологічних даних. Назва, опис і бали з'являться, коли адміністратор опише її в DataItems.json.","A blank carrier of biological data. Its name, description and points appear once an administrator defines it in DataItems.json.","Заготовка носія біологічних даних. Назва, опис і бали з'являться, коли адміністратор опише її в DataItems.json.","Заготовка носія біологічних даних. Назва, опис і бали з'являться, коли адміністратор опише її в DataItems.json.","Заготовка носія біологічних даних. Назва, опис і бали з'являться, коли адміністратор опише її в DataItems.json.","Заготовка носія біологічних даних. Назва, опис і бали з'являться, коли адміністратор опише її в DataItems.json.","Заготовка носія біологічних даних. Назва, опис і бали з'являться, коли адміністратор опише її в DataItems.json.","Заготовка носія біологічних даних. Назва, опис і бали з'являться, коли адміністратор опише її в DataItems.json.","Заготовка носія біологічних даних. Назва, опис і бали з'являться, коли адміністратор опише її в DataItems.json.","Заготовка носія біологічних даних. Назва, опис і бали з'являться, коли адміністратор опише її в DataItems.json.","Заготовка носія біологічних даних. Назва, опис і бали з'являться, коли адміністратор опише її в DataItems.json.","Заготовка носія біологічних даних. Назва, опис і бали з'являться, коли адміністратор опише її в DataItems.json.","Заготовка носія біологічних даних. Назва, опис і бали з'являться, коли адміністратор опише її в DataItems.json.","Заготовка носія біологічних даних. Назва, опис і бали з'являться, коли адміністратор опише її в DataItems.json.",
"STR_OZL_data_06","Біодані 06 (не налаштовано)","Bio data 06 (not configured)","Біодані 06 (не налаштовано)","Біодані 06 (не налаштовано)","Біодані 06 (не налаштовано)","Біодані 06 (не налаштовано)","Біодані 06 (не налаштовано)","Біодані 06 (не налаштовано)","Біодані 06 (не налаштовано)","Біодані 06 (не налаштовано)","Біодані 06 (не налаштовано)","Біодані 06 (не налаштовано)","Біодані 06 (не налаштовано)","Біодані 06 (не налаштовано)",
"STR_OZL_data_06_desc","Заготовка носія біологічних даних. Назва, опис і бали з'являться, коли адміністратор опише її в DataItems.json.","A blank carrier of biological data. Its name, description and points appear once an administrator defines it in DataItems.json.","Заготовка носія біологічних даних. Назва, опис і бали з'являться, коли адміністратор опише її в DataItems.json.","Заготовка носія біологічних даних. Назва, опис і бали з'являться, коли адміністратор опише її в DataItems.json.","Заготовка носія біологічних даних. Назва, опис і бали з'являться, коли адміністратор опише її в DataItems.json.","Заготовка носія біологічних даних. Назва, опис і бали з'являться, коли адміністратор опише її в DataItems.json.","Заготовка носія біологічних даних. Назва, опис і бали з'являться, коли адміністратор опише її в DataItems.json.","Заготовка носія біологічних даних. Назва, опис і бали з'являться, коли адміністратор опише її в DataItems.json.","Заготовка носія біологічних даних. Назва, опис і бали з'являться, коли адміністратор опише її в DataItems.json.","Заготовка носія біологічних даних. Назва, опис і бали з'являться, коли адміністратор опише її в DataItems.json.","Заготовка носія біологічних даних. Назва, опис і бали з'являться, коли адміністратор опише її в DataItems.json.","Заготовка носія біологічних даних. Назва, опис і бали з'являться, коли адміністратор опише її в DataItems.json.","Заготовка носія біологічних даних. Назва, опис і бали з'являться, коли адміністратор опише її в DataItems.json.","Заготовка носія біологічних даних. Назва, опис і бали з'являться, коли адміністратор опише її в DataItems.json.",
"STR_OZL_data_07","Біодані 07 (не налаштовано)","Bio data 07 (not configured)","Біодані 07 (не налаштовано)","Біодані 07 (не налаштовано)","Біодані 07 (не налаштовано)","Біодані 07 (не налаштовано)","Біодані 07 (не налаштовано)","Біодані 07 (не налаштовано)","Біодані 07 (не налаштовано)","Біодані 07 (не налаштовано)","Біодані 07 (не налаштовано)","Біодані 07 (не налаштовано)","Біодані 07 (не налаштовано)","Біодані 07 (не налаштовано)",
"STR_OZL_data_07_desc","Заготовка носія біологічних даних. Назва, опис і бали з'являться, коли адміністратор опише її в DataItems.json.","A blank carrier of biological data. Its name, description and points appear once an administrator defines it in DataItems.json.","Заготовка носія біологічних даних. Назва, опис і бали з'являться, коли адміністратор опише її в DataItems.json.","Заготовка носія біологічних даних. Назва, опис і бали з'являться, коли адміністратор опише її в DataItems.json.","Заготовка носія біологічних даних. Назва, опис і бали з'являться, коли адміністратор опише її в DataItems.json.","Заготовка носія біологічних даних. Назва, опис і бали з'являться, коли адміністратор опише її в DataItems.json.","Заготовка носія біологічних даних. Назва, опис і бали з'являться, коли адміністратор опише її в DataItems.json.","Заготовка носія біологічних даних. Назва, опис і бали з'являться, коли адміністратор опише її в DataItems.json.","Заготовка носія біологічних даних. Назва, опис і бали з'являться, коли адміністратор опише її в DataItems.json.","Заготовка носія біологічних даних. Назва, опис і бали з'являться, коли адміністратор опише її в DataItems.json.","Заготовка носія біологічних даних. Назва, опис і бали з'являться, коли адміністратор опише її в DataItems.json.","Заготовка носія біологічних даних. Назва, опис і бали з'являться, коли адміністратор опише її в DataItems.json.","Заготовка носія біологічних даних. Назва, опис і бали з'являться, коли адміністратор опише її в DataItems.json.","Заготовка носія біологічних даних. Назва, опис і бали з'являться, коли адміністратор опише її в DataItems.json.",
"STR_OZL_data_08","Біодані 08 (не налаштовано)","Bio data 08 (not configured)","Біодані 08 (не налаштовано)","Біодані 08 (не налаштовано)","Біодані 08 (не налаштовано)","Біодані 08 (не налаштовано)","Біодані 08 (не налаштовано)","Біодані 08 (не налаштовано)","Біодані 08 (не налаштовано)","Біодані 08 (не налаштовано)","Біодані 08 (не налаштовано)","Біодані 08 (не налаштовано)","Біодані 08 (не налаштовано)","Біодані 08 (не налаштовано)",
"STR_OZL_data_08_desc","Заготовка носія біологічних даних. Назва, опис і бали з'являться, коли адміністратор опише її в DataItems.json.","A blank carrier of biological data. Its name, description and points appear once an administrator defines it in DataItems.json.","Заготовка носія біологічних даних. Назва, опис і бали з'являться, коли адміністратор опише її в DataItems.json.","Заготовка носія біологічних даних. Назва, опис і бали з'являться, коли адміністратор опише її в DataItems.json.","Заготовка носія біологічних даних. Назва, опис і бали з'являться, коли адміністратор опише її в DataItems.json.","Заготовка носія біологічних даних. Назва, опис і бали з'являться, коли адміністратор опише її в DataItems.json.","Заготовка носія біологічних даних. Назва, опис і бали з'являться, коли адміністратор опише її в DataItems.json.","Заготовка носія біологічних даних. Назва, опис і бали з'являться, коли адміністратор опише її в DataItems.json.","Заготовка носія біологічних даних. Назва, опис і бали з'являться, коли адміністратор опише її в DataItems.json.","Заготовка носія біологічних даних. Назва, опис і бали з'являться, коли адміністратор опише її в DataItems.json.","Заготовка носія біологічних даних. Назва, опис і бали з'являться, коли адміністратор опише її в DataItems.json.","Заготовка носія біологічних даних. Назва, опис і бали з'являться, коли адміністратор опише її в DataItems.json.","Заготовка носія біологічних даних. Назва, опис і бали з'являться, коли адміністратор опише її в DataItems.json.","Заготовка носія біологічних даних. Назва, опис і бали з'являться, коли адміністратор опише її в DataItems.json.",
"STR_OZL_data_09","Біодані 09 (не налаштовано)","Bio data 09 (not configured)","Біодані 09 (не налаштовано)","Біодані 09 (не налаштовано)","Біодані 09 (не налаштовано)","Біодані 09 (не налаштовано)","Біодані 09 (не налаштовано)","Біодані 09 (не налаштовано)","Біодані 09 (не налаштовано)","Біодані 09 (не налаштовано)","Біодані 09 (не налаштовано)","Біодані 09 (не налаштовано)","Біодані 09 (не налаштовано)","Біодані 09 (не налаштовано)",
"STR_OZL_data_09_desc","Заготовка носія біологічних даних. Назва, опис і бали з'являться, коли адміністратор опише її в DataItems.json.","A blank carrier of biological data. Its name, description and points appear once an administrator defines it in DataItems.json.","Заготовка носія біологічних даних. Назва, опис і бали з'являться, коли адміністратор опише її в DataItems.json.","Заготовка носія біологічних даних. Назва, опис і бали з'являться, коли адміністратор опише її в DataItems.json.","Заготовка носія біологічних даних. Назва, опис і бали з'являться, коли адміністратор опише її в DataItems.json.","Заготовка носія біологічних даних. Назва, опис і бали з'являться, коли адміністратор опише її в DataItems.json.","Заготовка носія біологічних даних. Назва, опис і бали з'являться, коли адміністратор опише її в DataItems.json.","Заготовка носія біологічних даних. Назва, опис і бали з'являться, коли адміністратор опише її в DataItems.json.","Заготовка носія біологічних даних. Назва, опис і бали з'являться, коли адміністратор опише її в DataItems.json.","Заготовка носія біологічних даних. Назва, опис і бали з'являться, коли адміністратор опише її в DataItems.json.","Заготовка носія біологічних даних. Назва, опис і бали з'являться, коли адміністратор опише її в DataItems.json.","Заготовка носія біологічних даних. Назва, опис і бали з'являться, коли адміністратор опише її в DataItems.json.","Заготовка носія біологічних даних. Назва, опис і бали з'являться, коли адміністратор опише її в DataItems.json.","Заготовка носія біологічних даних. Назва, опис і бали з'являться, коли адміністратор опише її в DataItems.json.",
"STR_OZL_data_10","Біодані 10 (не налаштовано)","Bio data 10 (not configured)","Біодані 10 (не налаштовано)","Біодані 10 (не налаштовано)","Біодані 10 (не налаштовано)","Біодані 10 (не налаштовано)","Біодані 10 (не налаштовано)","Біодані 10 (не налаштовано)","Біодані 10 (не налаштовано)","Біодані 10 (не налаштовано)","Біодані 10 (не налаштовано)","Біодані 10 (не налаштовано)","Біодані 10 (не налаштовано)","Біодані 10 (не налаштовано)",
"STR_OZL_data_10_desc","Заготовка носія біологічних даних. Назва, опис і бали з'являться, коли адміністратор опише її в DataItems.json.","A blank carrier of biological data. Its name, description and points appear once an administrator defines it in DataItems.json.","Заготовка носія біологічних даних. Назва, опис і бали з'являться, коли адміністратор опише її в DataItems.json.","Заготовка носія біологічних даних. Назва, опис і бали з'являться, коли адміністратор опише її в DataItems.json.","Заготовка носія біологічних даних. Назва, опис і бали з'являться, коли адміністратор опише її в DataItems.json.","Заготовка носія біологічних даних. Назва, опис і бали з'являться, коли адміністратор опише її в DataItems.json.","Заготовка носія біологічних даних. Назва, опис і бали з'являться, коли адміністратор опише її в DataItems.json.","Заготовка носія біологічних даних. Назва, опис і бали з'являться, коли адміністратор опише її в DataItems.json.","Заготовка носія біологічних даних. Назва, опис і бали з'являться, коли адміністратор опише її в DataItems.json.","Заготовка носія біологічних даних. Назва, опис і бали з'являться, коли адміністратор опише її в DataItems.json.","Заготовка носія біологічних даних. Назва, опис і бали з'являться, коли адміністратор опише її в DataItems.json.","Заготовка носія біологічних даних. Назва, опис і бали з'являться, коли адміністратор опише її в DataItems.json.","Заготовка носія біологічних даних. Назва, опис і бали з'являться, коли адміністратор опише її в DataItems.json.","Заготовка носія біологічних даних. Назва, опис і бали з'являться, коли адміністратор опише її в DataItems.json.",
"STR_OZL_data_11","Біодані 11 (не налаштовано)","Bio data 11 (not configured)","Біодані 11 (не налаштовано)","Біодані 11 (не налаштовано)","Біодані 11 (не налаштовано)","Біодані 11 (не налаштовано)","Біодані 11 (не налаштовано)","Біодані 11 (не налаштовано)","Біодані 11 (не налаштовано)","Біодані 11 (не налаштовано)","Біодані 11 (не налаштовано)","Біодані 11 (не налаштовано)","Біодані 11 (не налаштовано)","Біодані 11 (не налаштовано)",
"STR_OZL_data_11_desc","Заготовка носія біологічних даних. Назва, опис і бали з'являться, коли адміністратор опише її в DataItems.json.","A blank carrier of biological data. Its name, description and points appear once an administrator defines it in DataItems.json.","Заготовка носія біологічних даних. Назва, опис і бали з'являться, коли адміністратор опише її в DataItems.json.","Заготовка носія біологічних даних. Назва, опис і бали з'являться, коли адміністратор опише її в DataItems.json.","Заготовка носія біологічних даних. Назва, опис і бали з'являться, коли адміністратор опише її в DataItems.json.","Заготовка носія біологічних даних. Назва, опис і бали з'являться, коли адміністратор опише її в DataItems.json.","Заготовка носія біологічних даних. Назва, опис і бали з'являться, коли адміністратор опише її в DataItems.json.","Заготовка носія біологічних даних. Назва, опис і бали з'являться, коли адміністратор опише її в DataItems.json.","Заготовка носія біологічних даних. Назва, опис і бали з'являться, коли адміністратор опише її в DataItems.json.","Заготовка носія біологічних даних. Назва, опис і бали з'являться, коли адміністратор опише її в DataItems.json.","Заготовка носія біологічних даних. Назва, опис і бали з'являться, коли адміністратор опише її в DataItems.json.","Заготовка носія біологічних даних. Назва, опис і бали з'являться, коли адміністратор опише її в DataItems.json.","Заготовка носія біологічних даних. Назва, опис і бали з'являться, коли адміністратор опише її в DataItems.json.","Заготовка носія біологічних даних. Назва, опис і бали з'являться, коли адміністратор опише її в DataItems.json.",
"STR_OZL_data_12","Біодані 12 (не налаштовано)","Bio data 12 (not configured)","Біодані 12 (не налаштовано)","Біодані 12 (не налаштовано)","Біодані 12 (не налаштовано)","Біодані 12 (не налаштовано)","Біодані 12 (не налаштовано)","Біодані 12 (не налаштовано)","Біодані 12 (не налаштовано)","Біодані 12 (не налаштовано)","Біодані 12 (не налаштовано)","Біодані 12 (не налаштовано)","Біодані 12 (не налаштовано)","Біодані 12 (не налаштовано)",
"STR_OZL_data_12_desc","Заготовка носія біологічних даних. Назва, опис і бали з'являться, коли адміністратор опише її в DataItems.json.","A blank carrier of biological data. Its name, description and points appear once an administrator defines it in DataItems.json.","Заготовка носія біологічних даних. Назва, опис і бали з'являться, коли адміністратор опише її в DataItems.json.","Заготовка носія біологічних даних. Назва, опис і бали з'являться, коли адміністратор опише її в DataItems.json.","Заготовка носія біологічних даних. Назва, опис і бали з'являться, коли адміністратор опише її в DataItems.json.","Заготовка носія біологічних даних. Назва, опис і бали з'являться, коли адміністратор опише її в DataItems.json.","Заготовка носія біологічних даних. Назва, опис і бали з'являться, коли адміністратор опише її в DataItems.json.","Заготовка носія біологічних даних. Назва, опис і бали з'являться, коли адміністратор опише її в DataItems.json.","Заготовка носія біологічних даних. Назва, опис і бали з'являться, коли адміністратор опише її в DataItems.json.","Заготовка носія біологічних даних. Назва, опис і бали з'являться, коли адміністратор опише її в DataItems.json.","Заготовка носія біологічних даних. Назва, опис і бали з'являться, коли адміністратор опише її в DataItems.json.","Заготовка носія біологічних даних. Назва, опис і бали з'являться, коли адміністратор опише її в DataItems.json.","Заготовка носія біологічних даних. Назва, опис і бали з'являться, коли адміністратор опише її в DataItems.json.","Заготовка носія біологічних даних. Назва, опис і бали з'являться, коли адміністратор опише її в DataItems.json.",
"STR_OZL_data_13","Біодані 13 (не налаштовано)","Bio data 13 (not configured)","Біодані 13 (не налаштовано)","Біодані 13 (не налаштовано)","Біодані 13 (не налаштовано)","Біодані 13 (не налаштовано)","Біодані 13 (не налаштовано)","Біодані 13 (не налаштовано)","Біодані 13 (не налаштовано)","Біодані 13 (не налаштовано)","Біодані 13 (не налаштовано)","Біодані 13 (не налаштовано)","Біодані 13 (не налаштовано)","Біодані 13 (не налаштовано)",
"STR_OZL_data_13_desc","Заготовка носія біологічних даних. Назва, опис і бали з'являться, коли адміністратор опише її в DataItems.json.","A blank carrier of biological data. Its name, description and points appear once an administrator defines it in DataItems.json.","Заготовка носія біологічних даних. Назва, опис і бали з'являться, коли адміністратор опише її в DataItems.json.","Заготовка носія біологічних даних. Назва, опис і бали з'являться, коли адміністратор опише її в DataItems.json.","Заготовка носія біологічних даних. Назва, опис і бали з'являться, коли адміністратор опише її в DataItems.json.","Заготовка носія біологічних даних. Назва, опис і бали з'являться, коли адміністратор опише її в DataItems.json.","Заготовка носія біологічних даних. Назва, опис і бали з'являться, коли адміністратор опише її в DataItems.json.","Заготовка носія біологічних даних. Назва, опис і бали з'являться, коли адміністратор опише її в DataItems.json.","Заготовка носія біологічних даних. Назва, опис і бали з'являться, коли адміністратор опише її в DataItems.json.","Заготовка носія біологічних даних. Назва, опис і бали з'являться, коли адміністратор опише її в DataItems.json.","Заготовка носія біологічних даних. Назва, опис і бали з'являться, коли адміністратор опише її в DataItems.json.","Заготовка носія біологічних даних. Назва, опис і бали з'являться, коли адміністратор опише її в DataItems.json.","Заготовка носія біологічних даних. Назва, опис і бали з'являться, коли адміністратор опише її в DataItems.json.","Заготовка носія біологічних даних. Назва, опис і бали з'являться, коли адміністратор опише її в DataItems.json.",
"STR_OZL_data_14","Біодані 14 (не налаштовано)","Bio data 14 (not configured)","Біодані 14 (не налаштовано)","Біодані 14 (не налаштовано)","Біодані 14 (не налаштовано)","Біодані 14 (не налаштовано)","Біодані 14 (не налаштовано)","Біодані 14 (не налаштовано)","Біодані 14 (не налаштовано)","Біодані 14 (не налаштовано)","Біодані 14 (не налаштовано)","Біодані 14 (не налаштовано)","Біодані 14 (не налаштовано)","Біодані 14 (не налаштовано)",
"STR_OZL_data_14_desc","Заготовка носія біологічних даних. Назва, опис і бали з'являться, коли адміністратор опише її в DataItems.json.","A blank carrier of biological data. Its name, description and points appear once an administrator defines it in DataItems.json.","Заготовка носія біологічних даних. Назва, опис і бали з'являться, коли адміністратор опише її в DataItems.json.","Заготовка носія біологічних даних. Назва, опис і бали з'являться, коли адміністратор опише її в DataItems.json.","Заготовка носія біологічних даних. Назва, опис і бали з'являться, коли адміністратор опише її в DataItems.json.","Заготовка носія біологічних даних. Назва, опис і бали з'являться, коли адміністратор опише її в DataItems.json.","Заготовка носія біологічних даних. Назва, опис і бали з'являться, коли адміністратор опише її в DataItems.json.","Заготовка носія біологічних даних. Назва, опис і бали з'являться, коли адміністратор опише її в DataItems.json.","Заготовка носія біологічних даних. Назва, опис і бали з'являться, коли адміністратор опише її в DataItems.json.","Заготовка носія біологічних даних. Назва, опис і бали з'являться, коли адміністратор опише її в DataItems.json.","Заготовка носія біологічних даних. Назва, опис і бали з'являться, коли адміністратор опише її в DataItems.json.","Заготовка носія біологічних даних. Назва, опис і бали з'являться, коли адміністратор опише її в DataItems.json.","Заготовка носія біологічних даних. Назва, опис і бали з'являться, коли адміністратор опише її в DataItems.json.","Заготовка носія біологічних даних. Назва, опис і бали з'являться, коли адміністратор опише її в DataItems.json.",
"STR_OZL_data_15","Біодані 15 (не налаштовано)","Bio data 15 (not configured)","Біодані 15 (не налаштовано)","Біодані 15 (не налаштовано)","Біодані 15 (не налаштовано)","Біодані 15 (не налаштовано)","Біодані 15 (не налаштовано)","Біодані 15 (не налаштовано)","Біодані 15 (не налаштовано)","Біодані 15 (не налаштовано)","Біодані 15 (не налаштовано)","Біодані 15 (не налаштовано)","Біодані 15 (не налаштовано)","Біодані 15 (не налаштовано)",
"STR_OZL_data_15_desc","Заготовка носія біологічних даних. Назва, опис і бали з'являться, коли адміністратор опише її в DataItems.json.","A blank carrier of biological data. Its name, description and points appear once an administrator defines it in DataItems.json.","Заготовка носія біологічних даних. Назва, опис і бали з'являться, коли адміністратор опише її в DataItems.json.","Заготовка носія біологічних даних. Назва, опис і бали з'являться, коли адміністратор опише її в DataItems.json.","Заготовка носія біологічних даних. Назва, опис і бали з'являться, коли адміністратор опише її в DataItems.json.","Заготовка носія біологічних даних. Назва, опис і бали з'являться, коли адміністратор опише її в DataItems.json.","Заготовка носія біологічних даних. Назва, опис і бали з'являться, коли адміністратор опише її в DataItems.json.","Заготовка носія біологічних даних. Назва, опис і бали з'являться, коли адміністратор опише її в DataItems.json.","Заготовка носія біологічних даних. Назва, опис і бали з'являться, коли адміністратор опише її в DataItems.json.","Заготовка носія біологічних даних. Назва, опис і бали з'являться, коли адміністратор опише її в DataItems.json.","Заготовка носія біологічних даних. Назва, опис і бали з'являться, коли адміністратор опише її в DataItems.json.","Заготовка носія біологічних даних. Назва, опис і бали з'являться, коли адміністратор опише її в DataItems.json.","Заготовка носія біологічних даних. Назва, опис і бали з'являться, коли адміністратор опише її в DataItems.json.","Заготовка носія біологічних даних. Назва, опис і бали з'являться, коли адміністратор опише її в DataItems.json.",
"STR_OZL_data_16","Біодані 16 (не налаштовано)","Bio data 16 (not configured)","Біодані 16 (не налаштовано)","Біодані 16 (не налаштовано)","Біодані 16 (не налаштовано)","Біодані 16 (не налаштовано)","Біодані 16 (не налаштовано)","Біодані 16 (не налаштовано)","Біодані 16 (не налаштовано)","Біодані 16 (не налаштовано)","Біодані 16 (не налаштовано)","Біодані 16 (не налаштовано)","Біодані 16 (не налаштовано)","Біодані 16 (не налаштовано)",
"STR_OZL_data_16_desc","Заготовка носія біологічних даних. Назва, опис і бали з'являться, коли адміністратор опише її в DataItems.json.","A blank carrier of biological data. Its name, description and points appear once an administrator defines it in DataItems.json.","Заготовка носія біологічних даних. Назва, опис і бали з'являться, коли адміністратор опише її в DataItems.json.","Заготовка носія біологічних даних. Назва, опис і бали з'являться, коли адміністратор опише її в DataItems.json.","Заготовка носія біологічних даних. Назва, опис і бали з'являться, коли адміністратор опише її в DataItems.json.","Заготовка носія біологічних даних. Назва, опис і бали з'являться, коли адміністратор опише її в DataItems.json.","Заготовка носія біологічних даних. Назва, опис і бали з'являться, коли адміністратор опише її в DataItems.json.","Заготовка носія біологічних даних. Назва, опис і бали з'являться, коли адміністратор опише її в DataItems.json.","Заготовка носія біологічних даних. Назва, опис і бали з'являться, коли адміністратор опише її в DataItems.json.","Заготовка носія біологічних даних. Назва, опис і бали з'являться, коли адміністратор опише її в DataItems.json.","Заготовка носія біологічних даних. Назва, опис і бали з'являться, коли адміністратор опише її в DataItems.json.","Заготовка носія біологічних даних. Назва, опис і бали з'являться, коли адміністратор опише її в DataItems.json.","Заготовка носія біологічних даних. Назва, опис і бали з'являться, коли адміністратор опише її в DataItems.json.","Заготовка носія біологічних даних. Назва, опис і бали з'являться, коли адміністратор опише її в DataItems.json.",
"STR_OZL_data_17","Біодані 17 (не налаштовано)","Bio data 17 (not configured)","Біодані 17 (не налаштовано)","Біодані 17 (не налаштовано)","Біодані 17 (не налаштовано)","Біодані 17 (не налаштовано)","Біодані 17 (не налаштовано)","Біодані 17 (не налаштовано)","Біодані 17 (не налаштовано)","Біодані 17 (не налаштовано)","Біодані 17 (не налаштовано)","Біодані 17 (не налаштовано)","Біодані 17 (не налаштовано)","Біодані 17 (не налаштовано)",
"STR_OZL_data_17_desc","Заготовка носія біологічних даних. Назва, опис і бали з'являться, коли адміністратор опише її в DataItems.json.","A blank carrier of biological data. Its name, description and points appear once an administrator defines it in DataItems.json.","Заготовка носія біологічних даних. Назва, опис і бали з'являться, коли адміністратор опише її в DataItems.json.","Заготовка носія біологічних даних. Назва, опис і бали з'являться, коли адміністратор опише її в DataItems.json.","Заготовка носія біологічних даних. Назва, опис і бали з'являться, коли адміністратор опише її в DataItems.json.","Заготовка носія біологічних даних. Назва, опис і бали з'являться, коли адміністратор опише її в DataItems.json.","Заготовка носія біологічних даних. Назва, опис і бали з'являться, коли адміністратор опише її в DataItems.json.","Заготовка носія біологічних даних. Назва, опис і бали з'являться, коли адміністратор опише її в DataItems.json.","Заготовка носія біологічних даних. Назва, опис і бали з'являться, коли адміністратор опише її в DataItems.json.","Заготовка носія біологічних даних. Назва, опис і бали з'являться, коли адміністратор опише її в DataItems.json.","Заготовка носія біологічних даних. Назва, опис і бали з'являться, коли адміністратор опише її в DataItems.json.","Заготовка носія біологічних даних. Назва, опис і бали з'являться, коли адміністратор опише її в DataItems.json.","Заготовка носія біологічних даних. Назва, опис і бали з'являться, коли адміністратор опише її в DataItems.json.","Заготовка носія біологічних даних. Назва, опис і бали з'являться, коли адміністратор опише її в DataItems.json.",
"STR_OZL_data_18","Біодані 18 (не налаштовано)","Bio data 18 (not configured)","Біодані 18 (не налаштовано)","Біодані 18 (не налаштовано)","Біодані 18 (не налаштовано)","Біодані 18 (не налаштовано)","Біодані 18 (не налаштовано)","Біодані 18 (не налаштовано)","Біодані 18 (не налаштовано)","Біодані 18 (не налаштовано)","Біодані 18 (не налаштовано)","Біодані 18 (не налаштовано)","Біодані 18 (не налаштовано)","Біодані 18 (не налаштовано)",
"STR_OZL_data_18_desc","Заготовка носія біологічних даних. Назва, опис і бали з'являться, коли адміністратор опише її в DataItems.json.","A blank carrier of biological data. Its name, description and points appear once an administrator defines it in DataItems.json.","Заготовка носія біологічних даних. Назва, опис і бали з'являться, коли адміністратор опише її в DataItems.json.","Заготовка носія біологічних даних. Назва, опис і бали з'являться, коли адміністратор опише її в DataItems.json.","Заготовка носія біологічних даних. Назва, опис і бали з'являться, коли адміністратор опише її в DataItems.json.","Заготовка носія біологічних даних. Назва, опис і бали з'являться, коли адміністратор опише її в DataItems.json.","Заготовка носія біологічних даних. Назва, опис і бали з'являться, коли адміністратор опише її в DataItems.json.","Заготовка носія біологічних даних. Назва, опис і бали з'являться, коли адміністратор опише її в DataItems.json.","Заготовка носія біологічних даних. Назва, опис і бали з'являться, коли адміністратор опише її в DataItems.json.","Заготовка носія біологічних даних. Назва, опис і бали з'являться, коли адміністратор опише її в DataItems.json.","Заготовка носія біологічних даних. Назва, опис і бали з'являться, коли адміністратор опише її в DataItems.json.","Заготовка носія біологічних даних. Назва, опис і бали з'являться, коли адміністратор опише її в DataItems.json.","Заготовка носія біологічних даних. Назва, опис і бали з'являться, коли адміністратор опише її в DataItems.json.","Заготовка носія біологічних даних. Назва, опис і бали з'являться, коли адміністратор опише її в DataItems.json.",
"STR_OZL_data_19","Біодані 19 (не налаштовано)","Bio data 19 (not configured)","Біодані 19 (не налаштовано)","Біодані 19 (не налаштовано)","Біодані 19 (не налаштовано)","Біодані 19 (не налаштовано)","Біодані 19 (не налаштовано)","Біодані 19 (не налаштовано)","Біодані 19 (не налаштовано)","Біодані 19 (не налаштовано)","Біодані 19 (не налаштовано)","Біодані 19 (не налаштовано)","Біодані 19 (не налаштовано)","Біодані 19 (не налаштовано)",
"STR_OZL_data_19_desc","Заготовка носія біологічних даних. Назва, опис і бали з'являться, коли адміністратор опише її в DataItems.json.","A blank carrier of biological data. Its name, description and points appear once an administrator defines it in DataItems.json.","Заготовка носія біологічних даних. Назва, опис і бали з'являться, коли адміністратор опише її в DataItems.json.","Заготовка носія біологічних даних. Назва, опис і бали з'являться, коли адміністратор опише її в DataItems.json.","Заготовка носія біологічних даних. Назва, опис і бали з'являться, коли адміністратор опише її в DataItems.json.","Заготовка носія біологічних даних. Назва, опис і бали з'являться, коли адміністратор опише її в DataItems.json.","Заготовка носія біологічних даних. Назва, опис і бали з'являться, коли адміністратор опише її в DataItems.json.","Заготовка носія біологічних даних. Назва, опис і бали з'являться, коли адміністратор опише її в DataItems.json.","Заготовка носія біологічних даних. Назва, опис і бали з'являться, коли адміністратор опише її в DataItems.json.","Заготовка носія біологічних даних. Назва, опис і бали з'являться, коли адміністратор опише її в DataItems.json.","Заготовка носія біологічних даних. Назва, опис і бали з'являться, коли адміністратор опише її в DataItems.json.","Заготовка носія біологічних даних. Назва, опис і бали з'являться, коли адміністратор опише її в DataItems.json.","Заготовка носія біологічних даних. Назва, опис і бали з'являться, коли адміністратор опише її в DataItems.json.","Заготовка носія біологічних даних. Назва, опис і бали з'являться, коли адміністратор опише її в DataItems.json.",
"STR_OZL_data_20","Біодані 20 (не налаштовано)","Bio data 20 (not configured)","Біодані 20 (не налаштовано)","Біодані 20 (не налаштовано)","Біодані 20 (не налаштовано)","Біодані 20 (не налаштовано)","Біодані 20 (не налаштовано)","Біодані 20 (не налаштовано)","Біодані 20 (не налаштовано)","Біодані 20 (не налаштовано)","Біодані 20 (не налаштовано)","Біодані 20 (не налаштовано)","Біодані 20 (не налаштовано)","Біодані 20 (не налаштовано)",
"STR_OZL_data_20_desc","Заготовка носія біологічних даних. Назва, опис і бали з'являться, коли адміністратор опише її в DataItems.json.","A blank carrier of biological data. Its name, description and points appear once an administrator defines it in DataItems.json.","Заготовка носія біологічних даних. Назва, опис і бали з'являться, коли адміністратор опише її в DataItems.json.","Заготовка носія біологічних даних. Назва, опис і бали з'являться, коли адміністратор опише її в DataItems.json.","Заготовка носія біологічних даних. Назва, опис і бали з'являться, коли адміністратор опише її в DataItems.json.","Заготовка носія біологічних даних. Назва, опис і бали з'являться, коли адміністратор опише її в DataItems.json.","Заготовка носія біологічних даних. Назва, опис і бали з'являться, коли адміністратор опише її в DataItems.json.","Заготовка носія біологічних даних. Назва, опис і бали з'являться, коли адміністратор опише її в DataItems.json.","Заготовка носія біологічних даних. Назва, опис і бали з'являться, коли адміністратор опише її в DataItems.json.","Заготовка носія біологічних даних. Назва, опис і бали з'являться, коли адміністратор опише її в DataItems.json.","Заготовка носія біологічних даних. Назва, опис і бали з'являться, коли адміністратор опише її в DataItems.json.","Заготовка носія біологічних даних. Назва, опис і бали з'являться, коли адміністратор опише її в DataItems.json.","Заготовка носія біологічних даних. Назва, опис і бали з'являться, коли адміністратор опише її в DataItems.json.","Заготовка носія біологічних даних. Назва, опис і бали з'являться, коли адміністратор опише її в DataItems.json.",
"STR_OZL_data_21","Біодані 21 (не налаштовано)","Bio data 21 (not configured)","Біодані 21 (не налаштовано)","Біодані 21 (не налаштовано)","Біодані 21 (не налаштовано)","Біодані 21 (не налаштовано)","Біодані 21 (не налаштовано)","Біодані 21 (не налаштовано)","Біодані 21 (не налаштовано)","Біодані 21 (не налаштовано)","Біодані 21 (не налаштовано)","Біодані 21 (не налаштовано)","Біодані 21 (не налаштовано)","Біодані 21 (не налаштовано)",
"STR_OZL_data_21_desc","Заготовка носія біологічних даних. Назва, опис і бали з'являться, коли адміністратор опише її в DataItems.json.","A blank carrier of biological data. Its name, description and points appear once an administrator defines it in DataItems.json.","Заготовка носія біологічних даних. Назва, опис і бали з'являться, коли адміністратор опише її в DataItems.json.","Заготовка носія біологічних даних. Назва, опис і бали з'являться, коли адміністратор опише її в DataItems.json.","Заготовка носія біологічних даних. Назва, опис і бали з'являться, коли адміністратор опише її в DataItems.json.","Заготовка носія біологічних даних. Назва, опис і бали з'являться, коли адміністратор опише її в DataItems.json.","Заготовка носія біологічних даних. Назва, опис і бали з'являться, коли адміністратор опише її в DataItems.json.","Заготовка носія біологічних даних. Назва, опис і бали з'являться, коли адміністратор опише її в DataItems.json.","Заготовка носія біологічних даних. Назва, опис і бали з'являться, коли адміністратор опише її в DataItems.json.","Заготовка носія біологічних даних. Назва, опис і бали з'являться, коли адміністратор опише її в DataItems.json.","Заготовка носія біологічних даних. Назва, опис і бали з'являться, коли адміністратор опише її в DataItems.json.","Заготовка носія біологічних даних. Назва, опис і бали з'являться, коли адміністратор опише її в DataItems.json.","Заготовка носія біологічних даних. Назва, опис і бали з'являться, коли адміністратор опише її в DataItems.json.","Заготовка носія біологічних даних. Назва, опис і бали з'являться, коли адміністратор опише її в DataItems.json.",
"STR_OZL_data_22","Біодані 22 (не налаштовано)","Bio data 22 (not configured)","Біодані 22 (не налаштовано)","Біодані 22 (не налаштовано)","Біодані 22 (не налаштовано)","Біодані 22 (не налаштовано)","Біодані 22 (не налаштовано)","Біодані 22 (не налаштовано)","Біодані 22 (не налаштовано)","Біодані 22 (не налаштовано)","Біодані 22 (не налаштовано)","Біодані 22 (не налаштовано)","Біодані 22 (не налаштовано)","Біодані 22 (не налаштовано)",
"STR_OZL_data_22_desc","Заготовка носія біологічних даних. Назва, опис і бали з'являться, коли адміністратор опише її в DataItems.json.","A blank carrier of biological data. Its name, description and points appear once an administrator defines it in DataItems.json.","Заготовка носія біологічних даних. Назва, опис і бали з'являться, коли адміністратор опише її в DataItems.json.","Заготовка носія біологічних даних. Назва, опис і бали з'являться, коли адміністратор опише її в DataItems.json.","Заготовка носія біологічних даних. Назва, опис і бали з'являться, коли адміністратор опише її в DataItems.json.","Заготовка носія біологічних даних. Назва, опис і бали з'являться, коли адміністратор опише її в DataItems.json.","Заготовка носія біологічних даних. Назва, опис і бали з'являться, коли адміністратор опише її в DataItems.json.","Заготовка носія біологічних даних. Назва, опис і бали з'являться, коли адміністратор опише її в DataItems.json.","Заготовка носія біологічних даних. Назва, опис і бали з'являться, коли адміністратор опише її в DataItems.json.","Заготовка носія біологічних даних. Назва, опис і бали з'являться, коли адміністратор опише її в DataItems.json.","Заготовка носія біологічних даних. Назва, опис і бали з'являться, коли адміністратор опише її в DataItems.json.","Заготовка носія біологічних даних. Назва, опис і бали з'являться, коли адміністратор опише її в DataItems.json.","Заготовка носія біологічних даних. Назва, опис і бали з'являться, коли адміністратор опише її в DataItems.json.","Заготовка носія біологічних даних. Назва, опис і бали з'являться, коли адміністратор опише її в DataItems.json.",
"STR_OZL_data_23","Біодані 23 (не налаштовано)","Bio data 23 (not configured)","Біодані 23 (не налаштовано)","Біодані 23 (не налаштовано)","Біодані 23 (не налаштовано)","Біодані 23 (не налаштовано)","Біодані 23 (не налаштовано)","Біодані 23 (не налаштовано)","Біодані 23 (не налаштовано)","Біодані 23 (не налаштовано)","Біодані 23 (не налаштовано)","Біодані 23 (не налаштовано)","Біодані 23 (не налаштовано)","Біодані 23 (не налаштовано)",
"STR_OZL_data_23_desc","Заготовка носія біологічних даних. Назва, опис і бали з'являться, коли адміністратор опише її в DataItems.json.","A blank carrier of biological data. Its name, description and points appear once an administrator defines it in DataItems.json.","Заготовка носія біологічних даних. Назва, опис і бали з'являться, коли адміністратор опише її в DataItems.json.","Заготовка носія біологічних даних. Назва, опис і бали з'являться, коли адміністратор опише її в DataItems.json.","Заготовка носія біологічних даних. Назва, опис і бали з'являться, коли адміністратор опише її в DataItems.json.","Заготовка носія біологічних даних. Назва, опис і бали з'являться, коли адміністратор опише її в DataItems.json.","Заготовка носія біологічних даних. Назва, опис і бали з'являться, коли адміністратор опише її в DataItems.json.","Заготовка носія біологічних даних. Назва, опис і бали з'являться, коли адміністратор опише її в DataItems.json.","Заготовка носія біологічних даних. Назва, опис і бали з'являться, коли адміністратор опише її в DataItems.json.","Заготовка носія біологічних даних. Назва, опис і бали з'являться, коли адміністратор опише її в DataItems.json.","Заготовка носія біологічних даних. Назва, опис і бали з'являться, коли адміністратор опише її в DataItems.json.","Заготовка носія біологічних даних. Назва, опис і бали з'являться, коли адміністратор опише її в DataItems.json.","Заготовка носія біологічних даних. Назва, опис і бали з'являться, коли адміністратор опише її в DataItems.json.","Заготовка носія біологічних даних. Назва, опис і бали з'являться, коли адміністратор опише її в DataItems.json.",
"STR_OZL_data_24","Біодані 24 (не налаштовано)","Bio data 24 (not configured)","Біодані 24 (не налаштовано)","Біодані 24 (не налаштовано)","Біодані 24 (не налаштовано)","Біодані 24 (не налаштовано)","Біодані 24 (не налаштовано)","Біодані 24 (не налаштовано)","Біодані 24 (не налаштовано)","Біодані 24 (не налаштовано)","Біодані 24 (не налаштовано)","Біодані 24 (не налаштовано)","Біодані 24 (не налаштовано)","Біодані 24 (не налаштовано)",
"STR_OZL_data_24_desc","Заготовка носія біологічних даних. Назва, опис і бали з'являться, коли адміністратор опише її в DataItems.json.","A blank carrier of biological data. Its name, description and points appear once an administrator defines it in DataItems.json.","Заготовка носія біологічних даних. Назва, опис і бали з'являться, коли адміністратор опише її в DataItems.json.","Заготовка носія біологічних даних. Назва, опис і бали з'являться, коли адміністратор опише її в DataItems.json.","Заготовка носія біологічних даних. Назва, опис і бали з'являться, коли адміністратор опише її в DataItems.json.","Заготовка носія біологічних даних. Назва, опис і бали з'являться, коли адміністратор опише її в DataItems.json.","Заготовка носія біологічних даних. Назва, опис і бали з'являться, коли адміністратор опише її в DataItems.json.","Заготовка носія біологічних даних. Назва, опис і бали з'являться, коли адміністратор опише її в DataItems.json.","Заготовка носія біологічних даних. Назва, опис і бали з'являться, коли адміністратор опише її в DataItems.json.","Заготовка носія біологічних даних. Назва, опис і бали з'являться, коли адміністратор опише її в DataItems.json.","Заготовка носія біологічних даних. Назва, опис і бали з'являться, коли адміністратор опише її в DataItems.json.","Заготовка носія біологічних даних. Назва, опис і бали з'являться, коли адміністратор опише її в DataItems.json.","Заготовка носія біологічних даних. Назва, опис і бали з'являться, коли адміністратор опише її в DataItems.json.","Заготовка носія біологічних даних. Назва, опис і бали з'являться, коли адміністратор опише її в DataItems.json.",
"STR_OZL_data_25","Біодані 25 (не налаштовано)","Bio data 25 (not configured)","Біодані 25 (не налаштовано)","Біодані 25 (не налаштовано)","Біодані 25 (не налаштовано)","Біодані 25 (не налаштовано)","Біодані 25 (не налаштовано)","Біодані 25 (не налаштовано)","Біодані 25 (не налаштовано)","Біодані 25 (не налаштовано)","Біодані 25 (не налаштовано)","Біодані 25 (не налаштовано)","Біодані 25 (не налаштовано)","Біодані 25 (не налаштовано)",
"STR_OZL_data_25_desc","Заготовка носія біологічних даних. Назва, опис і бали з'являться, коли адміністратор опише її в DataItems.json.","A blank carrier of biological data. Its name, description and points appear once an administrator defines it in DataItems.json.","Заготовка носія біологічних даних. Назва, опис і бали з'являться, коли адміністратор опише її в DataItems.json.","Заготовка носія біологічних даних. Назва, опис і бали з'являться, коли адміністратор опише її в DataItems.json.","Заготовка носія біологічних даних. Назва, опис і бали з'являться, коли адміністратор опише її в DataItems.json.","Заготовка носія біологічних даних. Назва, опис і бали з'являться, коли адміністратор опише її в DataItems.json.","Заготовка носія біологічних даних. Назва, опис і бали з'являться, коли адміністратор опише її в DataItems.json.","Заготовка носія біологічних даних. Назва, опис і бали з'являться, коли адміністратор опише її в DataItems.json.","Заготовка носія біологічних даних. Назва, опис і бали з'являться, коли адміністратор опише її в DataItems.json.","Заготовка носія біологічних даних. Назва, опис і бали з'являться, коли адміністратор опише її в DataItems.json.","Заготовка носія біологічних даних. Назва, опис і бали з'являться, коли адміністратор опише її в DataItems.json.","Заготовка носія біологічних даних. Назва, опис і бали з'являться, коли адміністратор опише її в DataItems.json.","Заготовка носія біологічних даних. Назва, опис і бали з'являться, коли адміністратор опише її в DataItems.json.","Заготовка носія біологічних даних. Назва, опис і бали з'являться, коли адміністратор опише її в DataItems.json.",
"STR_OZL_data_26","Біодані 26 (не налаштовано)","Bio data 26 (not configured)","Біодані 26 (не налаштовано)","Біодані 26 (не налаштовано)","Біодані 26 (не налаштовано)","Біодані 26 (не налаштовано)","Біодані 26 (не налаштовано)","Біодані 26 (не налаштовано)","Біодані 26 (не налаштовано)","Біодані 26 (не налаштовано)","Біодані 26 (не налаштовано)","Біодані 26 (не налаштовано)","Біодані 26 (не налаштовано)","Біодані 26 (не налаштовано)",
"STR_OZL_data_26_desc","Заготовка носія біологічних даних. Назва, опис і бали з'являться, коли адміністратор опише її в DataItems.json.","A blank carrier of biological data. Its name, description and points appear once an administrator defines it in DataItems.json.","Заготовка носія біологічних даних. Назва, опис і бали з'являться, коли адміністратор опише її в DataItems.json.","Заготовка носія біологічних даних. Назва, опис і бали з'являться, коли адміністратор опише її в DataItems.json.","Заготовка носія біологічних даних. Назва, опис і бали з'являться, коли адміністратор опише її в DataItems.json.","Заготовка носія біологічних даних. Назва, опис і бали з'являться, коли адміністратор опише її в DataItems.json.","Заготовка носія біологічних даних. Назва, опис і бали з'являться, коли адміністратор опише її в DataItems.json.","Заготовка носія біологічних даних. Назва, опис і бали з'являться, коли адміністратор опише її в DataItems.json.","Заготовка носія біологічних даних. Назва, опис і бали з'являться, коли адміністратор опише її в DataItems.json.","Заготовка носія біологічних даних. Назва, опис і бали з'являться, коли адміністратор опише її в DataItems.json.","Заготовка носія біологічних даних. Назва, опис і бали з'являться, коли адміністратор опише її в DataItems.json.","Заготовка носія біологічних даних. Назва, опис і бали з'являться, коли адміністратор опише її в DataItems.json.","Заготовка носія біологічних даних. Назва, опис і бали з'являться, коли адміністратор опише її в DataItems.json.","Заготовка носія біологічних даних. Назва, опис і бали з'являться, коли адміністратор опише її в DataItems.json.",
"STR_OZL_data_27","Біодані 27 (не налаштовано)","Bio data 27 (not configured)","Біодані 27 (не налаштовано)","Біодані 27 (не налаштовано)","Біодані 27 (не налаштовано)","Біодані 27 (не налаштовано)","Біодані 27 (не налаштовано)","Біодані 27 (не налаштовано)","Біодані 27 (не налаштовано)","Біодані 27 (не налаштовано)","Біодані 27 (не налаштовано)","Біодані 27 (не налаштовано)","Біодані 27 (не налаштовано)","Біодані 27 (не налаштовано)",
"STR_OZL_data_27_desc","Заготовка носія біологічних даних. Назва, опис і бали з'являться, коли адміністратор опише її в DataItems.json.","A blank carrier of biological data. Its name, description and points appear once an administrator defines it in DataItems.json.","Заготовка носія біологічних даних. Назва, опис і бали з'являться, коли адміністратор опише її в DataItems.json.","Заготовка носія біологічних даних. Назва, опис і бали з'являться, коли адміністратор опише її в DataItems.json.","Заготовка носія біологічних даних. Назва, опис і бали з'являться, коли адміністратор опише її в DataItems.json.","Заготовка носія біологічних даних. Назва, опис і бали з'являться, коли адміністратор опише її в DataItems.json.","Заготовка носія біологічних даних. Назва, опис і бали з'являться, коли адміністратор опише її в DataItems.json.","Заготовка носія біологічних даних. Назва, опис і бали з'являться, коли адміністратор опише її в DataItems.json.","Заготовка носія біологічних даних. Назва, опис і бали з'являться, коли адміністратор опише її в DataItems.json.","Заготовка носія біологічних даних. Назва, опис і бали з'являться, коли адміністратор опише її в DataItems.json.","Заготовка носія біологічних даних. Назва, опис і бали з'являться, коли адміністратор опише її в DataItems.json.","Заготовка носія біологічних даних. Назва, опис і бали з'являться, коли адміністратор опише її в DataItems.json.","Заготовка носія біологічних даних. Назва, опис і бали з'являться, коли адміністратор опише її в DataItems.json.","Заготовка носія біологічних даних. Назва, опис і бали з'являться, коли адміністратор опише її в DataItems.json.",
"STR_OZL_data_28","Біодані 28 (не налаштовано)","Bio data 28 (not configured)","Біодані 28 (не налаштовано)","Біодані 28 (не налаштовано)","Біодані 28 (не налаштовано)","Біодані 28 (не налаштовано)","Біодані 28 (не налаштовано)","Біодані 28 (не налаштовано)","Біодані 28 (не налаштовано)","Біодані 28 (не налаштовано)","Біодані 28 (не налаштовано)","Біодані 28 (не налаштовано)","Біодані 28 (не налаштовано)","Біодані 28 (не налаштовано)",
"STR_OZL_data_28_desc","Заготовка носія біологічних даних. Назва, опис і бали з'являться, коли адміністратор опише її в DataItems.json.","A blank carrier of biological data. Its name, description and points appear once an administrator defines it in DataItems.json.","Заготовка носія біологічних даних. Назва, опис і бали з'являться, коли адміністратор опише її в DataItems.json.","Заготовка носія біологічних даних. Назва, опис і бали з'являться, коли адміністратор опише її в DataItems.json.","Заготовка носія біологічних даних. Назва, опис і бали з'являться, коли адміністратор опише її в DataItems.json.","Заготовка носія біологічних даних. Назва, опис і бали з'являться, коли адміністратор опише її в DataItems.json.","Заготовка носія біологічних даних. Назва, опис і бали з'являться, коли адміністратор опише її в DataItems.json.","Заготовка носія біологічних даних. Назва, опис і бали з'являться, коли адміністратор опише її в DataItems.json.","Заготовка носія біологічних даних. Назва, опис і бали з'являться, коли адміністратор опише її в DataItems.json.","Заготовка носія біологічних даних. Назва, опис і бали з'являться, коли адміністратор опише її в DataItems.json.","Заготовка носія біологічних даних. Назва, опис і бали з'являться, коли адміністратор опише її в DataItems.json.","Заготовка носія біологічних даних. Назва, опис і бали з'являться, коли адміністратор опише її в DataItems.json.","Заготовка носія біологічних даних. Назва, опис і бали з'являться, коли адміністратор опише її в DataItems.json.","Заготовка носія біологічних даних. Назва, опис і бали з'являться, коли адміністратор опише її в DataItems.json.",
"STR_OZL_data_29","Біодані 29 (не налаштовано)","Bio data 29 (not configured)","Біодані 29 (не налаштовано)","Біодані 29 (не налаштовано)","Біодані 29 (не налаштовано)","Біодані 29 (не налаштовано)","Біодані 29 (не налаштовано)","Біодані 29 (не налаштовано)","Біодані 29 (не налаштовано)","Біодані 29 (не налаштовано)","Біодані 29 (не налаштовано)","Біодані 29 (не налаштовано)","Біодані 29 (не налаштовано)","Біодані 29 (не налаштовано)",
"STR_OZL_data_29_desc","Заготовка носія біологічних даних. Назва, опис і бали з'являться, коли адміністратор опише її в DataItems.json.","A blank carrier of biological data. Its name, description and points appear once an administrator defines it in DataItems.json.","Заготовка носія біологічних даних. Назва, опис і бали з'являться, коли адміністратор опише її в DataItems.json.","Заготовка носія біологічних даних. Назва, опис і бали з'являться, коли адміністратор опише її в DataItems.json.","Заготовка носія біологічних даних. Назва, опис і бали з'являться, коли адміністратор опише її в DataItems.json.","Заготовка носія біологічних даних. Назва, опис і бали з'являться, коли адміністратор опише її в DataItems.json.","Заготовка носія біологічних даних. Назва, опис і бали з'являться, коли адміністратор опише її в DataItems.json.","Заготовка носія біологічних даних. Назва, опис і бали з'являться, коли адміністратор опише її в DataItems.json.","Заготовка носія біологічних даних. Назва, опис і бали з'являться, коли адміністратор опише її в DataItems.json.","Заготовка носія біологічних даних. Назва, опис і бали з'являться, коли адміністратор опише її в DataItems.json.","Заготовка носія біологічних даних. Назва, опис і бали з'являться, коли адміністратор опише її в DataItems.json.","Заготовка носія біологічних даних. Назва, опис і бали з'являться, коли адміністратор опише її в DataItems.json.","Заготовка носія біологічних даних. Назва, опис і бали з'являться, коли адміністратор опише її в DataItems.json.","Заготовка носія біологічних даних. Назва, опис і бали з'являться, коли адміністратор опише її в DataItems.json.",
"STR_OZL_data_30","Біодані 30 (не налаштовано)","Bio data 30 (not configured)","Біодані 30 (не налаштовано)","Біодані 30 (не налаштовано)","Біодані 30 (не налаштовано)","Біодані 30 (не налаштовано)","Біодані 30 (не налаштовано)","Біодані 30 (не налаштовано)","Біодані 30 (не налаштовано)","Біодані 30 (не налаштовано)","Біодані 30 (не налаштовано)","Біодані 30 (не налаштовано)","Біодані 30 (не налаштовано)","Біодані 30 (не налаштовано)",
"STR_OZL_data_30_desc","Заготовка носія біологічних даних. Назва, опис і бали з'являться, коли адміністратор опише її в DataItems.json.","A blank carrier of biological data. Its name, description and points appear once an administrator defines it in DataItems.json.","Заготовка носія біологічних даних. Назва, опис і бали з'являться, коли адміністратор опише її в DataItems.json.","Заготовка носія біологічних даних. Назва, опис і бали з'являться, коли адміністратор опише її в DataItems.json.","Заготовка носія біологічних даних. Назва, опис і бали з'являться, коли адміністратор опише її в DataItems.json.","Заготовка носія біологічних даних. Назва, опис і бали з'являться, коли адміністратор опише її в DataItems.json.","Заготовка носія біологічних даних. Назва, опис і бали з'являться, коли адміністратор опише її в DataItems.json.","Заготовка носія біологічних даних. Назва, опис і бали з'являться, коли адміністратор опише її в DataItems.json.","Заготовка носія біологічних даних. Назва, опис і бали з'являться, коли адміністратор опише її в DataItems.json.","Заготовка носія біологічних даних. Назва, опис і бали з'являться, коли адміністратор опише її в DataItems.json.","Заготовка носія біологічних даних. Назва, опис і бали з'являться, коли адміністратор опише її в DataItems.json.","Заготовка носія біологічних даних. Назва, опис і бали з'являться, коли адміністратор опише її в DataItems.json.","Заготовка носія біологічних даних. Назва, опис і бали з'являться, коли адміністратор опише її в DataItems.json.","Заготовка носія біологічних даних. Назва, опис і бали з'являться, коли адміністратор опише її в DataItems.json.",
"STR_OZL_data_31","Аномальні дані 31 (не налаштовано)","Anomaly data 31 (not configured)","Аномальні дані 31 (не налаштовано)","Аномальні дані 31 (не налаштовано)","Аномальні дані 31 (не налаштовано)","Аномальні дані 31 (не налаштовано)","Аномальні дані 31 (не налаштовано)","Аномальні дані 31 (не налаштовано)","Аномальні дані 31 (не налаштовано)","Аномальні дані 31 (не налаштовано)","Аномальні дані 31 (не налаштовано)","Аномальні дані 31 (не налаштовано)","Аномальні дані 31 (не налаштовано)","Аномальні дані 31 (не налаштовано)",
"STR_OZL_data_31_desc","Заготовка носія даних про аномалії. Назва, опис і бали з'являться, коли адміністратор опише її в DataItems.json.","A blank carrier of anomaly data. Its name, description and points appear once an administrator defines it in DataItems.json.","Заготовка носія даних про аномалії. Назва, опис і бали з'являться, коли адміністратор опише її в DataItems.json.","Заготовка носія даних про аномалії. Назва, опис і бали з'являться, коли адміністратор опише її в DataItems.json.","Заготовка носія даних про аномалії. Назва, опис і бали з'являться, коли адміністратор опише її в DataItems.json.","Заготовка носія даних про аномалії. Назва, опис і бали з'являться, коли адміністратор опише її в DataItems.json.","Заготовка носія даних про аномалії. Назва, опис і бали з'являться, коли адміністратор опише її в DataItems.json.","Заготовка носія даних про аномалії. Назва, опис і бали з'являться, коли адміністратор опише її в DataItems.json.","Заготовка носія даних про аномалії. Назва, опис і бали з'являться, коли адміністратор опише її в DataItems.json.","Заготовка носія даних про аномалії. Назва, опис і бали з'являться, коли адміністратор опише її в DataItems.json.","Заготовка носія даних про аномалії. Назва, опис і бали з'являться, коли адміністратор опише її в DataItems.json.","Заготовка носія даних про аномалії. Назва, опис і бали з'являться, коли адміністратор опише її в DataItems.json.","Заготовка носія даних про аномалії. Назва, опис і бали з'являться, коли адміністратор опише її в DataItems.json.","Заготовка носія даних про аномалії. Назва, опис і бали з'являться, коли адміністратор опише її в DataItems.json.",
"STR_OZL_data_32","Аномальні дані 32 (не налаштовано)","Anomaly data 32 (not configured)","Аномальні дані 32 (не налаштовано)","Аномальні дані 32 (не налаштовано)","Аномальні дані 32 (не налаштовано)","Аномальні дані 32 (не налаштовано)","Аномальні дані 32 (не налаштовано)","Аномальні дані 32 (не налаштовано)","Аномальні дані 32 (не налаштовано)","Аномальні дані 32 (не налаштовано)","Аномальні дані 32 (не налаштовано)","Аномальні дані 32 (не налаштовано)","Аномальні дані 32 (не налаштовано)","Аномальні дані 32 (не налаштовано)",
"STR_OZL_data_32_desc","Заготовка носія даних про аномалії. Назва, опис і бали з'являться, коли адміністратор опише її в DataItems.json.","A blank carrier of anomaly data. Its name, description and points appear once an administrator defines it in DataItems.json.","Заготовка носія даних про аномалії. Назва, опис і бали з'являться, коли адміністратор опише її в DataItems.json.","Заготовка носія даних про аномалії. Назва, опис і бали з'являться, коли адміністратор опише її в DataItems.json.","Заготовка носія даних про аномалії. Назва, опис і бали з'являться, коли адміністратор опише її в DataItems.json.","Заготовка носія даних про аномалії. Назва, опис і бали з'являться, коли адміністратор опише її в DataItems.json.","Заготовка носія даних про аномалії. Назва, опис і бали з'являться, коли адміністратор опише її в DataItems.json.","Заготовка носія даних про аномалії. Назва, опис і бали з'являться, коли адміністратор опише її в DataItems.json.","Заготовка носія даних про аномалії. Назва, опис і бали з'являться, коли адміністратор опише її в DataItems.json.","Заготовка носія даних про аномалії. Назва, опис і бали з'являться, коли адміністратор опише її в DataItems.json.","Заготовка носія даних про аномалії. Назва, опис і бали з'являться, коли адміністратор опише її в DataItems.json.","Заготовка носія даних про аномалії. Назва, опис і бали з'являться, коли адміністратор опише її в DataItems.json.","Заготовка носія даних про аномалії. Назва, опис і бали з'являться, коли адміністратор опише її в DataItems.json.","Заготовка носія даних про аномалії. Назва, опис і бали з'являться, коли адміністратор опише її в DataItems.json.",
"STR_OZL_data_33","Аномальні дані 33 (не налаштовано)","Anomaly data 33 (not configured)","Аномальні дані 33 (не налаштовано)","Аномальні дані 33 (не налаштовано)","Аномальні дані 33 (не налаштовано)","Аномальні дані 33 (не налаштовано)","Аномальні дані 33 (не налаштовано)","Аномальні дані 33 (не налаштовано)","Аномальні дані 33 (не налаштовано)","Аномальні дані 33 (не налаштовано)","Аномальні дані 33 (не налаштовано)","Аномальні дані 33 (не налаштовано)","Аномальні дані 33 (не налаштовано)","Аномальні дані 33 (не налаштовано)",
"STR_OZL_data_33_desc","Заготовка носія даних про аномалії. Назва, опис і бали з'являться, коли адміністратор опише її в DataItems.json.","A blank carrier of anomaly data. Its name, description and points appear once an administrator defines it in DataItems.json.","Заготовка носія даних про аномалії. Назва, опис і бали з'являться, коли адміністратор опише її в DataItems.json.","Заготовка носія даних про аномалії. Назва, опис і бали з'являться, коли адміністратор опише її в DataItems.json.","Заготовка носія даних про аномалії. Назва, опис і бали з'являться, коли адміністратор опише її в DataItems.json.","Заготовка носія даних про аномалії. Назва, опис і бали з'являться, коли адміністратор опише її в DataItems.json.","Заготовка носія даних про аномалії. Назва, опис і бали з'являться, коли адміністратор опише її в DataItems.json.","Заготовка носія даних про аномалії. Назва, опис і бали з'являться, коли адміністратор опише її в DataItems.json.","Заготовка носія даних про аномалії. Назва, опис і бали з'являться, коли адміністратор опише її в DataItems.json.","Заготовка носія даних про аномалії. Назва, опис і бали з'являться, коли адміністратор опише її в DataItems.json.","Заготовка носія даних про аномалії. Назва, опис і бали з'являться, коли адміністратор опише її в DataItems.json.","Заготовка носія даних про аномалії. Назва, опис і бали з'являться, коли адміністратор опише її в DataItems.json.","Заготовка носія даних про аномалії. Назва, опис і бали з'являться, коли адміністратор опише її в DataItems.json.","Заготовка носія даних про аномалії. Назва, опис і бали з'являться, коли адміністратор опише її в DataItems.json.",
"STR_OZL_data_34","Аномальні дані 34 (не налаштовано)","Anomaly data 34 (not configured)","Аномальні дані 34 (не налаштовано)","Аномальні дані 34 (не налаштовано)","Аномальні дані 34 (не налаштовано)","Аномальні дані 34 (не налаштовано)","Аномальні дані 34 (не налаштовано)","Аномальні дані 34 (не налаштовано)","Аномальні дані 34 (не налаштовано)","Аномальні дані 34 (не налаштовано)","Аномальні дані 34 (не налаштовано)","Аномальні дані 34 (не налаштовано)","Аномальні дані 34 (не налаштовано)","Аномальні дані 34 (не налаштовано)",
"STR_OZL_data_34_desc","Заготовка носія даних про аномалії. Назва, опис і бали з'являться, коли адміністратор опише її в DataItems.json.","A blank carrier of anomaly data. Its name, description and points appear once an administrator defines it in DataItems.json.","Заготовка носія даних про аномалії. Назва, опис і бали з'являться, коли адміністратор опише її в DataItems.json.","Заготовка носія даних про аномалії. Назва, опис і бали з'являться, коли адміністратор опише її в DataItems.json.","Заготовка носія даних про аномалії. Назва, опис і бали з'являться, коли адміністратор опише її в DataItems.json.","Заготовка носія даних про аномалії. Назва, опис і бали з'являться, коли адміністратор опише її в DataItems.json.","Заготовка носія даних про аномалії. Назва, опис і бали з'являться, коли адміністратор опише її в DataItems.json.","Заготовка носія даних про аномалії. Назва, опис і бали з'являться, коли адміністратор опише її в DataItems.json.","Заготовка носія даних про аномалії. Назва, опис і бали з'являться, коли адміністратор опише її в DataItems.json.","Заготовка носія даних про аномалії. Назва, опис і бали з'являться, коли адміністратор опише її в DataItems.json.","Заготовка носія даних про аномалії. Назва, опис і бали з'являться, коли адміністратор опише її в DataItems.json.","Заготовка носія даних про аномалії. Назва, опис і бали з'являться, коли адміністратор опише її в DataItems.json.","Заготовка носія даних про аномалії. Назва, опис і бали з'являться, коли адміністратор опише її в DataItems.json.","Заготовка носія даних про аномалії. Назва, опис і бали з'являться, коли адміністратор опише її в DataItems.json.",
"STR_OZL_data_35","Аномальні дані 35 (не налаштовано)","Anomaly data 35 (not configured)","Аномальні дані 35 (не налаштовано)","Аномальні дані 35 (не налаштовано)","Аномальні дані 35 (не налаштовано)","Аномальні дані 35 (не налаштовано)","Аномальні дані 35 (не налаштовано)","Аномальні дані 35 (не налаштовано)","Аномальні дані 35 (не налаштовано)","Аномальні дані 35 (не налаштовано)","Аномальні дані 35 (не налаштовано)","Аномальні дані 35 (не налаштовано)","Аномальні дані 35 (не налаштовано)","Аномальні дані 35 (не налаштовано)",
"STR_OZL_data_35_desc","Заготовка носія даних про аномалії. Назва, опис і бали з'являться, коли адміністратор опише її в DataItems.json.","A blank carrier of anomaly data. Its name, description and points appear once an administrator defines it in DataItems.json.","Заготовка носія даних про аномалії. Назва, опис і бали з'являться, коли адміністратор опише її в DataItems.json.","Заготовка носія даних про аномалії. Назва, опис і бали з'являться, коли адміністратор опише її в DataItems.json.","Заготовка носія даних про аномалії. Назва, опис і бали з'являться, коли адміністратор опише її в DataItems.json.","Заготовка носія даних про аномалії. Назва, опис і бали з'являться, коли адміністратор опише її в DataItems.json.","Заготовка носія даних про аномалії. Назва, опис і бали з'являться, коли адміністратор опише її в DataItems.json.","Заготовка носія даних про аномалії. Назва, опис і бали з'являться, коли адміністратор опише її в DataItems.json.","Заготовка носія даних про аномалії. Назва, опис і бали з'являться, коли адміністратор опише її в DataItems.json.","Заготовка носія даних про аномалії. Назва, опис і бали з'являться, коли адміністратор опише її в DataItems.json.","Заготовка носія даних про аномалії. Назва, опис і бали з'являться, коли адміністратор опише її в DataItems.json.","Заготовка носія даних про аномалії. Назва, опис і бали з'являться, коли адміністратор опише її в DataItems.json.","Заготовка носія даних про аномалії. Назва, опис і бали з'являться, коли адміністратор опише її в DataItems.json.","Заготовка носія даних про аномалії. Назва, опис і бали з'являться, коли адміністратор опише її в DataItems.json.",
"STR_OZL_data_36","Аномальні дані 36 (не налаштовано)","Anomaly data 36 (not configured)","Аномальні дані 36 (не налаштовано)","Аномальні дані 36 (не налаштовано)","Аномальні дані 36 (не налаштовано)","Аномальні дані 36 (не налаштовано)","Аномальні дані 36 (не налаштовано)","Аномальні дані 36 (не налаштовано)","Аномальні дані 36 (не налаштовано)","Аномальні дані 36 (не налаштовано)","Аномальні дані 36 (не налаштовано)","Аномальні дані 36 (не налаштовано)","Аномальні дані 36 (не налаштовано)","Аномальні дані 36 (не налаштовано)",
"STR_OZL_data_36_desc","Заготовка носія даних про аномалії. Назва, опис і бали з'являться, коли адміністратор опише її в DataItems.json.","A blank carrier of anomaly data. Its name, description and points appear once an administrator defines it in DataItems.json.","Заготовка носія даних про аномалії. Назва, опис і бали з'являться, коли адміністратор опише її в DataItems.json.","Заготовка носія даних про аномалії. Назва, опис і бали з'являться, коли адміністратор опише її в DataItems.json.","Заготовка носія даних про аномалії. Назва, опис і бали з'являться, коли адміністратор опише її в DataItems.json.","Заготовка носія даних про аномалії. Назва, опис і бали з'являться, коли адміністратор опише її в DataItems.json.","Заготовка носія даних про аномалії. Назва, опис і бали з'являться, коли адміністратор опише її в DataItems.json.","Заготовка носія даних про аномалії. Назва, опис і бали з'являться, коли адміністратор опише її в DataItems.json.","Заготовка носія даних про аномалії. Назва, опис і бали з'являться, коли адміністратор опише її в DataItems.json.","Заготовка носія даних про аномалії. Назва, опис і бали з'являться, коли адміністратор опише її в DataItems.json.","Заготовка носія даних про аномалії. Назва, опис і бали з'являться, коли адміністратор опише її в DataItems.json.","Заготовка носія даних про аномалії. Назва, опис і бали з'являться, коли адміністратор опише її в DataItems.json.","Заготовка носія даних про аномалії. Назва, опис і бали з'являться, коли адміністратор опише її в DataItems.json.","Заготовка носія даних про аномалії. Назва, опис і бали з'являться, коли адміністратор опише її в DataItems.json.",
"STR_OZL_data_37","Аномальні дані 37 (не налаштовано)","Anomaly data 37 (not configured)","Аномальні дані 37 (не налаштовано)","Аномальні дані 37 (не налаштовано)","Аномальні дані 37 (не налаштовано)","Аномальні дані 37 (не налаштовано)","Аномальні дані 37 (не налаштовано)","Аномальні дані 37 (не налаштовано)","Аномальні дані 37 (не налаштовано)","Аномальні дані 37 (не налаштовано)","Аномальні дані 37 (не налаштовано)","Аномальні дані 37 (не налаштовано)","Аномальні дані 37 (не налаштовано)","Аномальні дані 37 (не налаштовано)",
"STR_OZL_data_37_desc","Заготовка носія даних про аномалії. Назва, опис і бали з'являться, коли адміністратор опише її в DataItems.json.","A blank carrier of anomaly data. Its name, description and points appear once an administrator defines it in DataItems.json.","Заготовка носія даних про аномалії. Назва, опис і бали з'являться, коли адміністратор опише її в DataItems.json.","Заготовка носія даних про аномалії. Назва, опис і бали з'являться, коли адміністратор опише її в DataItems.json.","Заготовка носія даних про аномалії. Назва, опис і бали з'являться, коли адміністратор опише її в DataItems.json.","Заготовка носія даних про аномалії. Назва, опис і бали з'являться, коли адміністратор опише її в DataItems.json.","Заготовка носія даних про аномалії. Назва, опис і бали з'являться, коли адміністратор опише її в DataItems.json.","Заготовка носія даних про аномалії. Назва, опис і бали з'являться, коли адміністратор опише її в DataItems.json.","Заготовка носія даних про аномалії. Назва, опис і бали з'являться, коли адміністратор опише її в DataItems.json.","Заготовка носія даних про аномалії. Назва, опис і бали з'являться, коли адміністратор опише її в DataItems.json.","Заготовка носія даних про аномалії. Назва, опис і бали з'являться, коли адміністратор опише її в DataItems.json.","Заготовка носія даних про аномалії. Назва, опис і бали з'являться, коли адміністратор опише її в DataItems.json.","Заготовка носія даних про аномалії. Назва, опис і бали з'являться, коли адміністратор опише її в DataItems.json.","Заготовка носія даних про аномалії. Назва, опис і бали з'являться, коли адміністратор опише її в DataItems.json.",
"STR_OZL_data_38","Аномальні дані 38 (не налаштовано)","Anomaly data 38 (not configured)","Аномальні дані 38 (не налаштовано)","Аномальні дані 38 (не налаштовано)","Аномальні дані 38 (не налаштовано)","Аномальні дані 38 (не налаштовано)","Аномальні дані 38 (не налаштовано)","Аномальні дані 38 (не налаштовано)","Аномальні дані 38 (не налаштовано)","Аномальні дані 38 (не налаштовано)","Аномальні дані 38 (не налаштовано)","Аномальні дані 38 (не налаштовано)","Аномальні дані 38 (не налаштовано)","Аномальні дані 38 (не налаштовано)",
"STR_OZL_data_38_desc","Заготовка носія даних про аномалії. Назва, опис і бали з'являться, коли адміністратор опише її в DataItems.json.","A blank carrier of anomaly data. Its name, description and points appear once an administrator defines it in DataItems.json.","Заготовка носія даних про аномалії. Назва, опис і бали з'являться, коли адміністратор опише її в DataItems.json.","Заготовка носія даних про аномалії. Назва, опис і бали з'являться, коли адміністратор опише її в DataItems.json.","Заготовка носія даних про аномалії. Назва, опис і бали з'являться, коли адміністратор опише її в DataItems.json.","Заготовка носія даних про аномалії. Назва, опис і бали з'являться, коли адміністратор опише її в DataItems.json.","Заготовка носія даних про аномалії. Назва, опис і бали з'являться, коли адміністратор опише її в DataItems.json.","Заготовка носія даних про аномалії. Назва, опис і бали з'являться, коли адміністратор опише її в DataItems.json.","Заготовка носія даних про аномалії. Назва, опис і бали з'являться, коли адміністратор опише її в DataItems.json.","Заготовка носія даних про аномалії. Назва, опис і бали з'являться, коли адміністратор опише її в DataItems.json.","Заготовка носія даних про аномалії. Назва, опис і бали з'являться, коли адміністратор опише її в DataItems.json.","Заготовка носія даних про аномалії. Назва, опис і бали з'являться, коли адміністратор опише її в DataItems.json.","Заготовка носія даних про аномалії. Назва, опис і бали з'являться, коли адміністратор опише її в DataItems.json.","Заготовка носія даних про аномалії. Назва, опис і бали з'являться, коли адміністратор опише її в DataItems.json.",
"STR_OZL_data_39","Аномальні дані 39 (не налаштовано)","Anomaly data 39 (not configured)","Аномальні дані 39 (не налаштовано)","Аномальні дані 39 (не налаштовано)","Аномальні дані 39 (не налаштовано)","Аномальні дані 39 (не налаштовано)","Аномальні дані 39 (не налаштовано)","Аномальні дані 39 (не налаштовано)","Аномальні дані 39 (не налаштовано)","Аномальні дані 39 (не налаштовано)","Аномальні дані 39 (не налаштовано)","Аномальні дані 39 (не налаштовано)","Аномальні дані 39 (не налаштовано)","Аномальні дані 39 (не налаштовано)",
"STR_OZL_data_39_desc","Заготовка носія даних про аномалії. Назва, опис і бали з'являться, коли адміністратор опише її в DataItems.json.","A blank carrier of anomaly data. Its name, description and points appear once an administrator defines it in DataItems.json.","Заготовка носія даних про аномалії. Назва, опис і бали з'являться, коли адміністратор опише її в DataItems.json.","Заготовка носія даних про аномалії. Назва, опис і бали з'являться, коли адміністратор опише її в DataItems.json.","Заготовка носія даних про аномалії. Назва, опис і бали з'являться, коли адміністратор опише її в DataItems.json.","Заготовка носія даних про аномалії. Назва, опис і бали з'являться, коли адміністратор опише її в DataItems.json.","Заготовка носія даних про аномалії. Назва, опис і бали з'являться, коли адміністратор опише її в DataItems.json.","Заготовка носія даних про аномалії. Назва, опис і бали з'являться, коли адміністратор опише її в DataItems.json.","Заготовка носія даних про аномалії. Назва, опис і бали з'являться, коли адміністратор опише її в DataItems.json.","Заготовка носія даних про аномалії. Назва, опис і бали з'являться, коли адміністратор опише її в DataItems.json.","Заготовка носія даних про аномалії. Назва, опис і бали з'являться, коли адміністратор опише її в DataItems.json.","Заготовка носія даних про аномалії. Назва, опис і бали з'являться, коли адміністратор опише її в DataItems.json.","Заготовка носія даних про аномалії. Назва, опис і бали з'являться, коли адміністратор опише її в DataItems.json.","Заготовка носія даних про аномалії. Назва, опис і бали з'являться, коли адміністратор опише її в DataItems.json.",
"STR_OZL_data_40","Аномальні дані 40 (не налаштовано)","Anomaly data 40 (not configured)","Аномальні дані 40 (не налаштовано)","Аномальні дані 40 (не налаштовано)","Аномальні дані 40 (не налаштовано)","Аномальні дані 40 (не налаштовано)","Аномальні дані 40 (не налаштовано)","Аномальні дані 40 (не налаштовано)","Аномальні дані 40 (не налаштовано)","Аномальні дані 40 (не налаштовано)","Аномальні дані 40 (не налаштовано)","Аномальні дані 40 (не налаштовано)","Аномальні дані 40 (не налаштовано)","Аномальні дані 40 (не налаштовано)",
"STR_OZL_data_40_desc","Заготовка носія даних про аномалії. Назва, опис і бали з'являться, коли адміністратор опише її в DataItems.json.","A blank carrier of anomaly data. Its name, description and points appear once an administrator defines it in DataItems.json.","Заготовка носія даних про аномалії. Назва, опис і бали з'являться, коли адміністратор опише її в DataItems.json.","Заготовка носія даних про аномалії. Назва, опис і бали з'являться, коли адміністратор опише її в DataItems.json.","Заготовка носія даних про аномалії. Назва, опис і бали з'являться, коли адміністратор опише її в DataItems.json.","Заготовка носія даних про аномалії. Назва, опис і бали з'являться, коли адміністратор опише її в DataItems.json.","Заготовка носія даних про аномалії. Назва, опис і бали з'являться, коли адміністратор опише її в DataItems.json.","Заготовка носія даних про аномалії. Назва, опис і бали з'являться, коли адміністратор опише її в DataItems.json.","Заготовка носія даних про аномалії. Назва, опис і бали з'являться, коли адміністратор опише її в DataItems.json.","Заготовка носія даних про аномалії. Назва, опис і бали з'являться, коли адміністратор опише її в DataItems.json.","Заготовка носія даних про аномалії. Назва, опис і бали з'являться, коли адміністратор опише її в DataItems.json.","Заготовка носія даних про аномалії. Назва, опис і бали з'являться, коли адміністратор опише її в DataItems.json.","Заготовка носія даних про аномалії. Назва, опис і бали з'являться, коли адміністратор опише її в DataItems.json.","Заготовка носія даних про аномалії. Назва, опис і бали з'являться, коли адміністратор опише її в DataItems.json.",
"STR_OZL_data_41","Аномальні дані 41 (не налаштовано)","Anomaly data 41 (not configured)","Аномальні дані 41 (не налаштовано)","Аномальні дані 41 (не налаштовано)","Аномальні дані 41 (не налаштовано)","Аномальні дані 41 (не налаштовано)","Аномальні дані 41 (не налаштовано)","Аномальні дані 41 (не налаштовано)","Аномальні дані 41 (не налаштовано)","Аномальні дані 41 (не налаштовано)","Аномальні дані 41 (не налаштовано)","Аномальні дані 41 (не налаштовано)","Аномальні дані 41 (не налаштовано)","Аномальні дані 41 (не налаштовано)",
"STR_OZL_data_41_desc","Заготовка носія даних про аномалії. Назва, опис і бали з'являться, коли адміністратор опише її в DataItems.json.","A blank carrier of anomaly data. Its name, description and points appear once an administrator defines it in DataItems.json.","Заготовка носія даних про аномалії. Назва, опис і бали з'являться, коли адміністратор опише її в DataItems.json.","Заготовка носія даних про аномалії. Назва, опис і бали з'являться, коли адміністратор опише її в DataItems.json.","Заготовка носія даних про аномалії. Назва, опис і бали з'являться, коли адміністратор опише її в DataItems.json.","Заготовка носія даних про аномалії. Назва, опис і бали з'являться, коли адміністратор опише її в DataItems.json.","Заготовка носія даних про аномалії. Назва, опис і бали з'являться, коли адміністратор опише її в DataItems.json.","Заготовка носія даних про аномалії. Назва, опис і бали з'являться, коли адміністратор опише її в DataItems.json.","Заготовка носія даних про аномалії. Назва, опис і бали з'являться, коли адміністратор опише її в DataItems.json.","Заготовка носія даних про аномалії. Назва, опис і бали з'являться, коли адміністратор опише її в DataItems.json.","Заготовка носія даних про аномалії. Назва, опис і бали з'являться, коли адміністратор опише її в DataItems.json.","Заготовка носія даних про аномалії. Назва, опис і бали з'являться, коли адміністратор опише її в DataItems.json.","Заготовка носія даних про аномалії. Назва, опис і бали з'являться, коли адміністратор опише її в DataItems.json.","Заготовка носія даних про аномалії. Назва, опис і бали з'являться, коли адміністратор опише її в DataItems.json.",
"STR_OZL_data_42","Аномальні дані 42 (не налаштовано)","Anomaly data 42 (not configured)","Аномальні дані 42 (не налаштовано)","Аномальні дані 42 (не налаштовано)","Аномальні дані 42 (не налаштовано)","Аномальні дані 42 (не налаштовано)","Аномальні дані 42 (не налаштовано)","Аномальні дані 42 (не налаштовано)","Аномальні дані 42 (не налаштовано)","Аномальні дані 42 (не налаштовано)","Аномальні дані 42 (не налаштовано)","Аномальні дані 42 (не налаштовано)","Аномальні дані 42 (не налаштовано)","Аномальні дані 42 (не налаштовано)",
"STR_OZL_data_42_desc","Заготовка носія даних про аномалії. Назва, опис і бали з'являться, коли адміністратор опише її в DataItems.json.","A blank carrier of anomaly data. Its name, description and points appear once an administrator defines it in DataItems.json.","Заготовка носія даних про аномалії. Назва, опис і бали з'являться, коли адміністратор опише її в DataItems.json.","Заготовка носія даних про аномалії. Назва, опис і бали з'являться, коли адміністратор опише її в DataItems.json.","Заготовка носія даних про аномалії. Назва, опис і бали з'являться, коли адміністратор опише її в DataItems.json.","Заготовка носія даних про аномалії. Назва, опис і бали з'являться, коли адміністратор опише її в DataItems.json.","Заготовка носія даних про аномалії. Назва, опис і бали з'являться, коли адміністратор опише її в DataItems.json.","Заготовка носія даних про аномалії. Назва, опис і бали з'являться, коли адміністратор опише її в DataItems.json.","Заготовка носія даних про аномалії. Назва, опис і бали з'являться, коли адміністратор опише її в DataItems.json.","Заготовка носія даних про аномалії. Назва, опис і бали з'являться, коли адміністратор опише її в DataItems.json.","Заготовка носія даних про аномалії. Назва, опис і бали з'являться, коли адміністратор опише її в DataItems.json.","Заготовка носія даних про аномалії. Назва, опис і бали з'являться, коли адміністратор опише її в DataItems.json.","Заготовка носія даних про аномалії. Назва, опис і бали з'являться, коли адміністратор опише її в DataItems.json.","Заготовка носія даних про аномалії. Назва, опис і бали з'являться, коли адміністратор опише її в DataItems.json.",
"STR_OZL_data_43","Аномальні дані 43 (не налаштовано)","Anomaly data 43 (not configured)","Аномальні дані 43 (не налаштовано)","Аномальні дані 43 (не налаштовано)","Аномальні дані 43 (не налаштовано)","Аномальні дані 43 (не налаштовано)","Аномальні дані 43 (не налаштовано)","Аномальні дані 43 (не налаштовано)","Аномальні дані 43 (не налаштовано)","Аномальні дані 43 (не налаштовано)","Аномальні дані 43 (не налаштовано)","Аномальні дані 43 (не налаштовано)","Аномальні дані 43 (не налаштовано)","Аномальні дані 43 (не налаштовано)",
"STR_OZL_data_43_desc","Заготовка носія даних про аномалії. Назва, опис і бали з'являться, коли адміністратор опише її в DataItems.json.","A blank carrier of anomaly data. Its name, description and points appear once an administrator defines it in DataItems.json.","Заготовка носія даних про аномалії. Назва, опис і бали з'являться, коли адміністратор опише її в DataItems.json.","Заготовка носія даних про аномалії. Назва, опис і бали з'являться, коли адміністратор опише її в DataItems.json.","Заготовка носія даних про аномалії. Назва, опис і бали з'являться, коли адміністратор опише її в DataItems.json.","Заготовка носія даних про аномалії. Назва, опис і бали з'являться, коли адміністратор опише її в DataItems.json.","Заготовка носія даних про аномалії. Назва, опис і бали з'являться, коли адміністратор опише її в DataItems.json.","Заготовка носія даних про аномалії. Назва, опис і бали з'являться, коли адміністратор опише її в DataItems.json.","Заготовка носія даних про аномалії. Назва, опис і бали з'являться, коли адміністратор опише її в DataItems.json.","Заготовка носія даних про аномалії. Назва, опис і бали з'являться, коли адміністратор опише її в DataItems.json.","Заготовка носія даних про аномалії. Назва, опис і бали з'являться, коли адміністратор опише її в DataItems.json.","Заготовка носія даних про аномалії. Назва, опис і бали з'являться, коли адміністратор опише її в DataItems.json.","Заготовка носія даних про аномалії. Назва, опис і бали з'являться, коли адміністратор опише її в DataItems.json.","Заготовка носія даних про аномалії. Назва, опис і бали з'являться, коли адміністратор опише її в DataItems.json.",
"STR_OZL_data_44","Аномальні дані 44 (не налаштовано)","Anomaly data 44 (not configured)","Аномальні дані 44 (не налаштовано)","Аномальні дані 44 (не налаштовано)","Аномальні дані 44 (не налаштовано)","Аномальні дані 44 (не налаштовано)","Аномальні дані 44 (не налаштовано)","Аномальні дані 44 (не налаштовано)","Аномальні дані 44 (не налаштовано)","Аномальні дані 44 (не налаштовано)","Аномальні дані 44 (не налаштовано)","Аномальні дані 44 (не налаштовано)","Аномальні дані 44 (не налаштовано)","Аномальні дані 44 (не налаштовано)",
"STR_OZL_data_44_desc","Заготовка носія даних про аномалії. Назва, опис і бали з'являться, коли адміністратор опише її в DataItems.json.","A blank carrier of anomaly data. Its name, description and points appear once an administrator defines it in DataItems.json.","Заготовка носія даних про аномалії. Назва, опис і бали з'являться, коли адміністратор опише її в DataItems.json.","Заготовка носія даних про аномалії. Назва, опис і бали з'являться, коли адміністратор опише її в DataItems.json.","Заготовка носія даних про аномалії. Назва, опис і бали з'являться, коли адміністратор опише її в DataItems.json.","Заготовка носія даних про аномалії. Назва, опис і бали з'являться, коли адміністратор опише її в DataItems.json.","Заготовка носія даних про аномалії. Назва, опис і бали з'являться, коли адміністратор опише її в DataItems.json.","Заготовка носія даних про аномалії. Назва, опис і бали з'являться, коли адміністратор опише її в DataItems.json.","Заготовка носія даних про аномалії. Назва, опис і бали з'являться, коли адміністратор опише її в DataItems.json.","Заготовка носія даних про аномалії. Назва, опис і бали з'являться, коли адміністратор опише її в DataItems.json.","Заготовка носія даних про аномалії. Назва, опис і бали з'являться, коли адміністратор опише її в DataItems.json.","Заготовка носія даних про аномалії. Назва, опис і бали з'являться, коли адміністратор опише її в DataItems.json.","Заготовка носія даних про аномалії. Назва, опис і бали з'являться, коли адміністратор опише її в DataItems.json.","Заготовка носія даних про аномалії. Назва, опис і бали з'являться, коли адміністратор опише її в DataItems.json.",
"STR_OZL_data_45","Аномальні дані 45 (не налаштовано)","Anomaly data 45 (not configured)","Аномальні дані 45 (не налаштовано)","Аномальні дані 45 (не налаштовано)","Аномальні дані 45 (не налаштовано)","Аномальні дані 45 (не налаштовано)","Аномальні дані 45 (не налаштовано)","Аномальні дані 45 (не налаштовано)","Аномальні дані 45 (не налаштовано)","Аномальні дані 45 (не налаштовано)","Аномальні дані 45 (не налаштовано)","Аномальні дані 45 (не налаштовано)","Аномальні дані 45 (не налаштовано)","Аномальні дані 45 (не налаштовано)",
"STR_OZL_data_45_desc","Заготовка носія даних про аномалії. Назва, опис і бали з'являться, коли адміністратор опише її в DataItems.json.","A blank carrier of anomaly data. Its name, description and points appear once an administrator defines it in DataItems.json.","Заготовка носія даних про аномалії. Назва, опис і бали з'являться, коли адміністратор опише її в DataItems.json.","Заготовка носія даних про аномалії. Назва, опис і бали з'являться, коли адміністратор опише її в DataItems.json.","Заготовка носія даних про аномалії. Назва, опис і бали з'являться, коли адміністратор опише її в DataItems.json.","Заготовка носія даних про аномалії. Назва, опис і бали з'являться, коли адміністратор опише її в DataItems.json.","Заготовка носія даних про аномалії. Назва, опис і бали з'являться, коли адміністратор опише її в DataItems.json.","Заготовка носія даних про аномалії. Назва, опис і бали з'являться, коли адміністратор опише її в DataItems.json.","Заготовка носія даних про аномалії. Назва, опис і бали з'являться, коли адміністратор опише її в DataItems.json.","Заготовка носія даних про аномалії. Назва, опис і бали з'являться, коли адміністратор опише її в DataItems.json.","Заготовка носія даних про аномалії. Назва, опис і бали з'являться, коли адміністратор опише її в DataItems.json.","Заготовка носія даних про аномалії. Назва, опис і бали з'являться, коли адміністратор опише її в DataItems.json.","Заготовка носія даних про аномалії. Назва, опис і бали з'являться, коли адміністратор опише її в DataItems.json.","Заготовка носія даних про аномалії. Назва, опис і бали з'являться, коли адміністратор опише її в DataItems.json.",
"STR_OZL_data_46","Аномальні дані 46 (не налаштовано)","Anomaly data 46 (not configured)","Аномальні дані 46 (не налаштовано)","Аномальні дані 46 (не налаштовано)","Аномальні дані 46 (не налаштовано)","Аномальні дані 46 (не налаштовано)","Аномальні дані 46 (не налаштовано)","Аномальні дані 46 (не налаштовано)","Аномальні дані 46 (не налаштовано)","Аномальні дані 46 (не налаштовано)","Аномальні дані 46 (не налаштовано)","Аномальні дані 46 (не налаштовано)","Аномальні дані 46 (не налаштовано)","Аномальні дані 46 (не налаштовано)",
"STR_OZL_data_46_desc","Заготовка носія даних про аномалії. Назва, опис і бали з'являться, коли адміністратор опише її в DataItems.json.","A blank carrier of anomaly data. Its name, description and points appear once an administrator defines it in DataItems.json.","Заготовка носія даних про аномалії. Назва, опис і бали з'являться, коли адміністратор опише її в DataItems.json.","Заготовка носія даних про аномалії. Назва, опис і бали з'являться, коли адміністратор опише її в DataItems.json.","Заготовка носія даних про аномалії. Назва, опис і бали з'являться, коли адміністратор опише її в DataItems.json.","Заготовка носія даних про аномалії. Назва, опис і бали з'являться, коли адміністратор опише її в DataItems.json.","Заготовка носія даних про аномалії. Назва, опис і бали з'являться, коли адміністратор опише її в DataItems.json.","Заготовка носія даних про аномалії. Назва, опис і бали з'являться, коли адміністратор опише її в DataItems.json.","Заготовка носія даних про аномалії. Назва, опис і бали з'являться, коли адміністратор опише її в DataItems.json.","Заготовка носія даних про аномалії. Назва, опис і бали з'являться, коли адміністратор опише її в DataItems.json.","Заготовка носія даних про аномалії. Назва, опис і бали з'являться, коли адміністратор опише її в DataItems.json.","Заготовка носія даних про аномалії. Назва, опис і бали з'являться, коли адміністратор опише її в DataItems.json.","Заготовка носія даних про аномалії. Назва, опис і бали з'являться, коли адміністратор опише її в DataItems.json.","Заготовка носія даних про аномалії. Назва, опис і бали з'являться, коли адміністратор опише її в DataItems.json.",
"STR_OZL_data_47","Аномальні дані 47 (не налаштовано)","Anomaly data 47 (not configured)","Аномальні дані 47 (не налаштовано)","Аномальні дані 47 (не налаштовано)","Аномальні дані 47 (не налаштовано)","Аномальні дані 47 (не налаштовано)","Аномальні дані 47 (не налаштовано)","Аномальні дані 47 (не налаштовано)","Аномальні дані 47 (не налаштовано)","Аномальні дані 47 (не налаштовано)","Аномальні дані 47 (не налаштовано)","Аномальні дані 47 (не налаштовано)","Аномальні дані 47 (не налаштовано)","Аномальні дані 47 (не налаштовано)",
"STR_OZL_data_47_desc","Заготовка носія даних про аномалії. Назва, опис і бали з'являться, коли адміністратор опише її в DataItems.json.","A blank carrier of anomaly data. Its name, description and points appear once an administrator defines it in DataItems.json.","Заготовка носія даних про аномалії. Назва, опис і бали з'являться, коли адміністратор опише її в DataItems.json.","Заготовка носія даних про аномалії. Назва, опис і бали з'являться, коли адміністратор опише її в DataItems.json.","Заготовка носія даних про аномалії. Назва, опис і бали з'являться, коли адміністратор опише її в DataItems.json.","Заготовка носія даних про аномалії. Назва, опис і бали з'являться, коли адміністратор опише її в DataItems.json.","Заготовка носія даних про аномалії. Назва, опис і бали з'являться, коли адміністратор опише її в DataItems.json.","Заготовка носія даних про аномалії. Назва, опис і бали з'являться, коли адміністратор опише її в DataItems.json.","Заготовка носія даних про аномалії. Назва, опис і бали з'являться, коли адміністратор опише її в DataItems.json.","Заготовка носія даних про аномалії. Назва, опис і бали з'являться, коли адміністратор опише її в DataItems.json.","Заготовка носія даних про аномалії. Назва, опис і бали з'являться, коли адміністратор опише її в DataItems.json.","Заготовка носія даних про аномалії. Назва, опис і бали з'являться, коли адміністратор опише її в DataItems.json.","Заготовка носія даних про аномалії. Назва, опис і бали з'являться, коли адміністратор опише її в DataItems.json.","Заготовка носія даних про аномалії. Назва, опис і бали з'являться, коли адміністратор опише її в DataItems.json.",
"STR_OZL_data_48","Аномальні дані 48 (не налаштовано)","Anomaly data 48 (not configured)","Аномальні дані 48 (не налаштовано)","Аномальні дані 48 (не налаштовано)","Аномальні дані 48 (не налаштовано)","Аномальні дані 48 (не налаштовано)","Аномальні дані 48 (не налаштовано)","Аномальні дані 48 (не налаштовано)","Аномальні дані 48 (не налаштовано)","Аномальні дані 48 (не налаштовано)","Аномальні дані 48 (не налаштовано)","Аномальні дані 48 (не налаштовано)","Аномальні дані 48 (не налаштовано)","Аномальні дані 48 (не налаштовано)",
"STR_OZL_data_48_desc","Заготовка носія даних про аномалії. Назва, опис і бали з'являться, коли адміністратор опише її в DataItems.json.","A blank carrier of anomaly data. Its name, description and points appear once an administrator defines it in DataItems.json.","Заготовка носія даних про аномалії. Назва, опис і бали з'являться, коли адміністратор опише її в DataItems.json.","Заготовка носія даних про аномалії. Назва, опис і бали з'являться, коли адміністратор опише її в DataItems.json.","Заготовка носія даних про аномалії. Назва, опис і бали з'являться, коли адміністратор опише її в DataItems.json.","Заготовка носія даних про аномалії. Назва, опис і бали з'являться, коли адміністратор опише її в DataItems.json.","Заготовка носія даних про аномалії. Назва, опис і бали з'являться, коли адміністратор опише її в DataItems.json.","Заготовка носія даних про аномалії. Назва, опис і бали з'являться, коли адміністратор опише її в DataItems.json.","Заготовка носія даних про аномалії. Назва, опис і бали з'являться, коли адміністратор опише її в DataItems.json.","Заготовка носія даних про аномалії. Назва, опис і бали з'являться, коли адміністратор опише її в DataItems.json.","Заготовка носія даних про аномалії. Назва, опис і бали з'являться, коли адміністратор опише її в DataItems.json.","Заготовка носія даних про аномалії. Назва, опис і бали з'являться, коли адміністратор опише її в DataItems.json.","Заготовка носія даних про аномалії. Назва, опис і бали з'являться, коли адміністратор опише її в DataItems.json.","Заготовка носія даних про аномалії. Назва, опис і бали з'являться, коли адміністратор опише її в DataItems.json.",
"STR_OZL_data_49","Аномальні дані 49 (не налаштовано)","Anomaly data 49 (not configured)","Аномальні дані 49 (не налаштовано)","Аномальні дані 49 (не налаштовано)","Аномальні дані 49 (не налаштовано)","Аномальні дані 49 (не налаштовано)","Аномальні дані 49 (не налаштовано)","Аномальні дані 49 (не налаштовано)","Аномальні дані 49 (не налаштовано)","Аномальні дані 49 (не налаштовано)","Аномальні дані 49 (не налаштовано)","Аномальні дані 49 (не налаштовано)","Аномальні дані 49 (не налаштовано)","Аномальні дані 49 (не налаштовано)",
"STR_OZL_data_49_desc","Заготовка носія даних про аномалії. Назва, опис і бали з'являться, коли адміністратор опише її в DataItems.json.","A blank carrier of anomaly data. Its name, description and points appear once an administrator defines it in DataItems.json.","Заготовка носія даних про аномалії. Назва, опис і бали з'являться, коли адміністратор опише її в DataItems.json.","Заготовка носія даних про аномалії. Назва, опис і бали з'являться, коли адміністратор опише її в DataItems.json.","Заготовка носія даних про аномалії. Назва, опис і бали з'являться, коли адміністратор опише її в DataItems.json.","Заготовка носія даних про аномалії. Назва, опис і бали з'являться, коли адміністратор опише її в DataItems.json.","Заготовка носія даних про аномалії. Назва, опис і бали з'являться, коли адміністратор опише її в DataItems.json.","Заготовка носія даних про аномалії. Назва, опис і бали з'являться, коли адміністратор опише її в DataItems.json.","Заготовка носія даних про аномалії. Назва, опис і бали з'являться, коли адміністратор опише її в DataItems.json.","Заготовка носія даних про аномалії. Назва, опис і бали з'являться, коли адміністратор опише її в DataItems.json.","Заготовка носія даних про аномалії. Назва, опис і бали з'являться, коли адміністратор опише її в DataItems.json.","Заготовка носія даних про аномалії. Назва, опис і бали з'являться, коли адміністратор опише її в DataItems.json.","Заготовка носія даних про аномалії. Назва, опис і бали з'являться, коли адміністратор опише її в DataItems.json.","Заготовка носія даних про аномалії. Назва, опис і бали з'являться, коли адміністратор опише її в DataItems.json.",
"STR_OZL_data_50","Аномальні дані 50 (не налаштовано)","Anomaly data 50 (not configured)","Аномальні дані 50 (не налаштовано)","Аномальні дані 50 (не налаштовано)","Аномальні дані 50 (не налаштовано)","Аномальні дані 50 (не налаштовано)","Аномальні дані 50 (не налаштовано)","Аномальні дані 50 (не налаштовано)","Аномальні дані 50 (не налаштовано)","Аномальні дані 50 (не налаштовано)","Аномальні дані 50 (не налаштовано)","Аномальні дані 50 (не налаштовано)","Аномальні дані 50 (не налаштовано)","Аномальні дані 50 (не налаштовано)",
"STR_OZL_data_50_desc","Заготовка носія даних про аномалії. Назва, опис і бали з'являться, коли адміністратор опише її в DataItems.json.","A blank carrier of anomaly data. Its name, description and points appear once an administrator defines it in DataItems.json.","Заготовка носія даних про аномалії. Назва, опис і бали з'являться, коли адміністратор опише її в DataItems.json.","Заготовка носія даних про аномалії. Назва, опис і бали з'являться, коли адміністратор опише її в DataItems.json.","Заготовка носія даних про аномалії. Назва, опис і бали з'являться, коли адміністратор опише її в DataItems.json.","Заготовка носія даних про аномалії. Назва, опис і бали з'являться, коли адміністратор опише її в DataItems.json.","Заготовка носія даних про аномалії. Назва, опис і бали з'являться, коли адміністратор опише її в DataItems.json.","Заготовка носія даних про аномалії. Назва, опис і бали з'являться, коли адміністратор опише її в DataItems.json.","Заготовка носія даних про аномалії. Назва, опис і бали з'являться, коли адміністратор опише її в DataItems.json.","Заготовка носія даних про аномалії. Назва, опис і бали з'являться, коли адміністратор опише її в DataItems.json.","Заготовка носія даних про аномалії. Назва, опис і бали з'являться, коли адміністратор опише її в DataItems.json.","Заготовка носія даних про аномалії. Назва, опис і бали з'являться, коли адміністратор опише її в DataItems.json.","Заготовка носія даних про аномалії. Назва, опис і бали з'являться, коли адміністратор опише її в DataItems.json.","Заготовка носія даних про аномалії. Назва, опис і бали з'являться, коли адміністратор опише її в DataItems.json.",
"STR_OZL_data_51","Аномальні дані 51 (не налаштовано)","Anomaly data 51 (not configured)","Аномальні дані 51 (не налаштовано)","Аномальні дані 51 (не налаштовано)","Аномальні дані 51 (не налаштовано)","Аномальні дані 51 (не налаштовано)","Аномальні дані 51 (не налаштовано)","Аномальні дані 51 (не налаштовано)","Аномальні дані 51 (не налаштовано)","Аномальні дані 51 (не налаштовано)","Аномальні дані 51 (не налаштовано)","Аномальні дані 51 (не налаштовано)","Аномальні дані 51 (не налаштовано)","Аномальні дані 51 (не налаштовано)",
"STR_OZL_data_51_desc","Заготовка носія даних про аномалії. Назва, опис і бали з'являться, коли адміністратор опише її в DataItems.json.","A blank carrier of anomaly data. Its name, description and points appear once an administrator defines it in DataItems.json.","Заготовка носія даних про аномалії. Назва, опис і бали з'являться, коли адміністратор опише її в DataItems.json.","Заготовка носія даних про аномалії. Назва, опис і бали з'являться, коли адміністратор опише її в DataItems.json.","Заготовка носія даних про аномалії. Назва, опис і бали з'являться, коли адміністратор опише її в DataItems.json.","Заготовка носія даних про аномалії. Назва, опис і бали з'являться, коли адміністратор опише її в DataItems.json.","Заготовка носія даних про аномалії. Назва, опис і бали з'являться, коли адміністратор опише її в DataItems.json.","Заготовка носія даних про аномалії. Назва, опис і бали з'являться, коли адміністратор опише її в DataItems.json.","Заготовка носія даних про аномалії. Назва, опис і бали з'являться, коли адміністратор опише її в DataItems.json.","Заготовка носія даних про аномалії. Назва, опис і бали з'являться, коли адміністратор опише її в DataItems.json.","Заготовка носія даних про аномалії. Назва, опис і бали з'являться, коли адміністратор опише її в DataItems.json.","Заготовка носія даних про аномалії. Назва, опис і бали з'являться, коли адміністратор опише її в DataItems.json.","Заготовка носія даних про аномалії. Назва, опис і бали з'являться, коли адміністратор опише її в DataItems.json.","Заготовка носія даних про аномалії. Назва, опис і бали з'являться, коли адміністратор опише її в DataItems.json.",
"STR_OZL_data_52","Аномальні дані 52 (не налаштовано)","Anomaly data 52 (not configured)","Аномальні дані 52 (не налаштовано)","Аномальні дані 52 (не налаштовано)","Аномальні дані 52 (не налаштовано)","Аномальні дані 52 (не налаштовано)","Аномальні дані 52 (не налаштовано)","Аномальні дані 52 (не налаштовано)","Аномальні дані 52 (не налаштовано)","Аномальні дані 52 (не налаштовано)","Аномальні дані 52 (не налаштовано)","Аномальні дані 52 (не налаштовано)","Аномальні дані 52 (не налаштовано)","Аномальні дані 52 (не налаштовано)",
"STR_OZL_data_52_desc","Заготовка носія даних про аномалії. Назва, опис і бали з'являться, коли адміністратор опише її в DataItems.json.","A blank carrier of anomaly data. Its name, description and points appear once an administrator defines it in DataItems.json.","Заготовка носія даних про аномалії. Назва, опис і бали з'являться, коли адміністратор опише її в DataItems.json.","Заготовка носія даних про аномалії. Назва, опис і бали з'являться, коли адміністратор опише її в DataItems.json.","Заготовка носія даних про аномалії. Назва, опис і бали з'являться, коли адміністратор опише її в DataItems.json.","Заготовка носія даних про аномалії. Назва, опис і бали з'являться, коли адміністратор опише її в DataItems.json.","Заготовка носія даних про аномалії. Назва, опис і бали з'являться, коли адміністратор опише її в DataItems.json.","Заготовка носія даних про аномалії. Назва, опис і бали з'являться, коли адміністратор опише її в DataItems.json.","Заготовка носія даних про аномалії. Назва, опис і бали з'являться, коли адміністратор опише її в DataItems.json.","Заготовка носія даних про аномалії. Назва, опис і бали з'являться, коли адміністратор опише її в DataItems.json.","Заготовка носія даних про аномалії. Назва, опис і бали з'являться, коли адміністратор опише її в DataItems.json.","Заготовка носія даних про аномалії. Назва, опис і бали з'являться, коли адміністратор опише її в DataItems.json.","Заготовка носія даних про аномалії. Назва, опис і бали з'являться, коли адміністратор опише її в DataItems.json.","Заготовка носія даних про аномалії. Назва, опис і бали з'являться, коли адміністратор опише її в DataItems.json.",
"STR_OZL_data_53","Аномальні дані 53 (не налаштовано)","Anomaly data 53 (not configured)","Аномальні дані 53 (не налаштовано)","Аномальні дані 53 (не налаштовано)","Аномальні дані 53 (не налаштовано)","Аномальні дані 53 (не налаштовано)","Аномальні дані 53 (не налаштовано)","Аномальні дані 53 (не налаштовано)","Аномальні дані 53 (не налаштовано)","Аномальні дані 53 (не налаштовано)","Аномальні дані 53 (не налаштовано)","Аномальні дані 53 (не налаштовано)","Аномальні дані 53 (не налаштовано)","Аномальні дані 53 (не налаштовано)",
"STR_OZL_data_53_desc","Заготовка носія даних про аномалії. Назва, опис і бали з'являться, коли адміністратор опише її в DataItems.json.","A blank carrier of anomaly data. Its name, description and points appear once an administrator defines it in DataItems.json.","Заготовка носія даних про аномалії. Назва, опис і бали з'являться, коли адміністратор опише її в DataItems.json.","Заготовка носія даних про аномалії. Назва, опис і бали з'являться, коли адміністратор опише її в DataItems.json.","Заготовка носія даних про аномалії. Назва, опис і бали з'являться, коли адміністратор опише її в DataItems.json.","Заготовка носія даних про аномалії. Назва, опис і бали з'являться, коли адміністратор опише її в DataItems.json.","Заготовка носія даних про аномалії. Назва, опис і бали з'являться, коли адміністратор опише її в DataItems.json.","Заготовка носія даних про аномалії. Назва, опис і бали з'являться, коли адміністратор опише її в DataItems.json.","Заготовка носія даних про аномалії. Назва, опис і бали з'являться, коли адміністратор опише її в DataItems.json.","Заготовка носія даних про аномалії. Назва, опис і бали з'являться, коли адміністратор опише її в DataItems.json.","Заготовка носія даних про аномалії. Назва, опис і бали з'являться, коли адміністратор опише її в DataItems.json.","Заготовка носія даних про аномалії. Назва, опис і бали з'являться, коли адміністратор опише її в DataItems.json.","Заготовка носія даних про аномалії. Назва, опис і бали з'являться, коли адміністратор опише її в DataItems.json.","Заготовка носія даних про аномалії. Назва, опис і бали з'являться, коли адміністратор опише її в DataItems.json.",
"STR_OZL_data_54","Аномальні дані 54 (не налаштовано)","Anomaly data 54 (not configured)","Аномальні дані 54 (не налаштовано)","Аномальні дані 54 (не налаштовано)","Аномальні дані 54 (не налаштовано)","Аномальні дані 54 (не налаштовано)","Аномальні дані 54 (не налаштовано)","Аномальні дані 54 (не налаштовано)","Аномальні дані 54 (не налаштовано)","Аномальні дані 54 (не налаштовано)","Аномальні дані 54 (не налаштовано)","Аномальні дані 54 (не налаштовано)","Аномальні дані 54 (не налаштовано)","Аномальні дані 54 (не налаштовано)",
"STR_OZL_data_54_desc","Заготовка носія даних про аномалії. Назва, опис і бали з'являться, коли адміністратор опише її в DataItems.json.","A blank carrier of anomaly data. Its name, description and points appear once an administrator defines it in DataItems.json.","Заготовка носія даних про аномалії. Назва, опис і бали з'являться, коли адміністратор опише її в DataItems.json.","Заготовка носія даних про аномалії. Назва, опис і бали з'являться, коли адміністратор опише її в DataItems.json.","Заготовка носія даних про аномалії. Назва, опис і бали з'являться, коли адміністратор опише її в DataItems.json.","Заготовка носія даних про аномалії. Назва, опис і бали з'являться, коли адміністратор опише її в DataItems.json.","Заготовка носія даних про аномалії. Назва, опис і бали з'являться, коли адміністратор опише її в DataItems.json.","Заготовка носія даних про аномалії. Назва, опис і бали з'являться, коли адміністратор опише її в DataItems.json.","Заготовка носія даних про аномалії. Назва, опис і бали з'являться, коли адміністратор опише її в DataItems.json.","Заготовка носія даних про аномалії. Назва, опис і бали з'являться, коли адміністратор опише її в DataItems.json.","Заготовка носія даних про аномалії. Назва, опис і бали з'являться, коли адміністратор опише її в DataItems.json.","Заготовка носія даних про аномалії. Назва, опис і бали з'являться, коли адміністратор опише її в DataItems.json.","Заготовка носія даних про аномалії. Назва, опис і бали з'являться, коли адміністратор опише її в DataItems.json.","Заготовка носія даних про аномалії. Назва, опис і бали з'являться, коли адміністратор опише її в DataItems.json.",
"STR_OZL_data_55","Аномальні дані 55 (не налаштовано)","Anomaly data 55 (not configured)","Аномальні дані 55 (не налаштовано)","Аномальні дані 55 (не налаштовано)","Аномальні дані 55 (не налаштовано)","Аномальні дані 55 (не налаштовано)","Аномальні дані 55 (не налаштовано)","Аномальні дані 55 (не налаштовано)","Аномальні дані 55 (не налаштовано)","Аномальні дані 55 (не налаштовано)","Аномальні дані 55 (не налаштовано)","Аномальні дані 55 (не налаштовано)","Аномальні дані 55 (не налаштовано)","Аномальні дані 55 (не налаштовано)",
"STR_OZL_data_55_desc","Заготовка носія даних про аномалії. Назва, опис і бали з'являться, коли адміністратор опише її в DataItems.json.","A blank carrier of anomaly data. Its name, description and points appear once an administrator defines it in DataItems.json.","Заготовка носія даних про аномалії. Назва, опис і бали з'являться, коли адміністратор опише її в DataItems.json.","Заготовка носія даних про аномалії. Назва, опис і бали з'являться, коли адміністратор опише її в DataItems.json.","Заготовка носія даних про аномалії. Назва, опис і бали з'являться, коли адміністратор опише її в DataItems.json.","Заготовка носія даних про аномалії. Назва, опис і бали з'являться, коли адміністратор опише її в DataItems.json.","Заготовка носія даних про аномалії. Назва, опис і бали з'являться, коли адміністратор опише її в DataItems.json.","Заготовка носія даних про аномалії. Назва, опис і бали з'являться, коли адміністратор опише її в DataItems.json.","Заготовка носія даних про аномалії. Назва, опис і бали з'являться, коли адміністратор опише її в DataItems.json.","Заготовка носія даних про аномалії. Назва, опис і бали з'являться, коли адміністратор опише її в DataItems.json.","Заготовка носія даних про аномалії. Назва, опис і бали з'являться, коли адміністратор опише її в DataItems.json.","Заготовка носія даних про аномалії. Назва, опис і бали з'являться, коли адміністратор опише її в DataItems.json.","Заготовка носія даних про аномалії. Назва, опис і бали з'являться, коли адміністратор опише її в DataItems.json.","Заготовка носія даних про аномалії. Назва, опис і бали з'являться, коли адміністратор опише її в DataItems.json.",
"STR_OZL_data_56","Аномальні дані 56 (не налаштовано)","Anomaly data 56 (not configured)","Аномальні дані 56 (не налаштовано)","Аномальні дані 56 (не налаштовано)","Аномальні дані 56 (не налаштовано)","Аномальні дані 56 (не налаштовано)","Аномальні дані 56 (не налаштовано)","Аномальні дані 56 (не налаштовано)","Аномальні дані 56 (не налаштовано)","Аномальні дані 56 (не налаштовано)","Аномальні дані 56 (не налаштовано)","Аномальні дані 56 (не налаштовано)","Аномальні дані 56 (не налаштовано)","Аномальні дані 56 (не налаштовано)",
"STR_OZL_data_56_desc","Заготовка носія даних про аномалії. Назва, опис і бали з'являться, коли адміністратор опише її в DataItems.json.","A blank carrier of anomaly data. Its name, description and points appear once an administrator defines it in DataItems.json.","Заготовка носія даних про аномалії. Назва, опис і бали з'являться, коли адміністратор опише її в DataItems.json.","Заготовка носія даних про аномалії. Назва, опис і бали з'являться, коли адміністратор опише її в DataItems.json.","Заготовка носія даних про аномалії. Назва, опис і бали з'являться, коли адміністратор опише її в DataItems.json.","Заготовка носія даних про аномалії. Назва, опис і бали з'являться, коли адміністратор опише її в DataItems.json.","Заготовка носія даних про аномалії. Назва, опис і бали з'являться, коли адміністратор опише її в DataItems.json.","Заготовка носія даних про аномалії. Назва, опис і бали з'являться, коли адміністратор опише її в DataItems.json.","Заготовка носія даних про аномалії. Назва, опис і бали з'являться, коли адміністратор опише її в DataItems.json.","Заготовка носія даних про аномалії. Назва, опис і бали з'являться, коли адміністратор опише її в DataItems.json.","Заготовка носія даних про аномалії. Назва, опис і бали з'являться, коли адміністратор опише її в DataItems.json.","Заготовка носія даних про аномалії. Назва, опис і бали з'являться, коли адміністратор опише її в DataItems.json.","Заготовка носія даних про аномалії. Назва, опис і бали з'являться, коли адміністратор опише її в DataItems.json.","Заготовка носія даних про аномалії. Назва, опис і бали з'являться, коли адміністратор опише її в DataItems.json.",
"STR_OZL_data_57","Аномальні дані 57 (не налаштовано)","Anomaly data 57 (not configured)","Аномальні дані 57 (не налаштовано)","Аномальні дані 57 (не налаштовано)","Аномальні дані 57 (не налаштовано)","Аномальні дані 57 (не налаштовано)","Аномальні дані 57 (не налаштовано)","Аномальні дані 57 (не налаштовано)","Аномальні дані 57 (не налаштовано)","Аномальні дані 57 (не налаштовано)","Аномальні дані 57 (не налаштовано)","Аномальні дані 57 (не налаштовано)","Аномальні дані 57 (не налаштовано)","Аномальні дані 57 (не налаштовано)",
"STR_OZL_data_57_desc","Заготовка носія даних про аномалії. Назва, опис і бали з'являться, коли адміністратор опише її в DataItems.json.","A blank carrier of anomaly data. Its name, description and points appear once an administrator defines it in DataItems.json.","Заготовка носія даних про аномалії. Назва, опис і бали з'являться, коли адміністратор опише її в DataItems.json.","Заготовка носія даних про аномалії. Назва, опис і бали з'являться, коли адміністратор опише її в DataItems.json.","Заготовка носія даних про аномалії. Назва, опис і бали з'являться, коли адміністратор опише її в DataItems.json.","Заготовка носія даних про аномалії. Назва, опис і бали з'являться, коли адміністратор опише її в DataItems.json.","Заготовка носія даних про аномалії. Назва, опис і бали з'являться, коли адміністратор опише її в DataItems.json.","Заготовка носія даних про аномалії. Назва, опис і бали з'являться, коли адміністратор опише її в DataItems.json.","Заготовка носія даних про аномалії. Назва, опис і бали з'являться, коли адміністратор опише її в DataItems.json.","Заготовка носія даних про аномалії. Назва, опис і бали з'являться, коли адміністратор опише її в DataItems.json.","Заготовка носія даних про аномалії. Назва, опис і бали з'являться, коли адміністратор опише її в DataItems.json.","Заготовка носія даних про аномалії. Назва, опис і бали з'являться, коли адміністратор опише її в DataItems.json.","Заготовка носія даних про аномалії. Назва, опис і бали з'являться, коли адміністратор опише її в DataItems.json.","Заготовка носія даних про аномалії. Назва, опис і бали з'являться, коли адміністратор опише її в DataItems.json.",
"STR_OZL_data_58","Аномальні дані 58 (не налаштовано)","Anomaly data 58 (not configured)","Аномальні дані 58 (не налаштовано)","Аномальні дані 58 (не налаштовано)","Аномальні дані 58 (не налаштовано)","Аномальні дані 58 (не налаштовано)","Аномальні дані 58 (не налаштовано)","Аномальні дані 58 (не налаштовано)","Аномальні дані 58 (не налаштовано)","Аномальні дані 58 (не налаштовано)","Аномальні дані 58 (не налаштовано)","Аномальні дані 58 (не налаштовано)","Аномальні дані 58 (не налаштовано)","Аномальні дані 58 (не налаштовано)",
"STR_OZL_data_58_desc","Заготовка носія даних про аномалії. Назва, опис і бали з'являться, коли адміністратор опише її в DataItems.json.","A blank carrier of anomaly data. Its name, description and points appear once an administrator defines it in DataItems.json.","Заготовка носія даних про аномалії. Назва, опис і бали з'являться, коли адміністратор опише її в DataItems.json.","Заготовка носія даних про аномалії. Назва, опис і бали з'являться, коли адміністратор опише її в DataItems.json.","Заготовка носія даних про аномалії. Назва, опис і бали з'являться, коли адміністратор опише її в DataItems.json.","Заготовка носія даних про аномалії. Назва, опис і бали з'являться, коли адміністратор опише її в DataItems.json.","Заготовка носія даних про аномалії. Назва, опис і бали з'являться, коли адміністратор опише її в DataItems.json.","Заготовка носія даних про аномалії. Назва, опис і бали з'являться, коли адміністратор опише її в DataItems.json.","Заготовка носія даних про аномалії. Назва, опис і бали з'являться, коли адміністратор опише її в DataItems.json.","Заготовка носія даних про аномалії. Назва, опис і бали з'являться, коли адміністратор опише її в DataItems.json.","Заготовка носія даних про аномалії. Назва, опис і бали з'являться, коли адміністратор опише її в DataItems.json.","Заготовка носія даних про аномалії. Назва, опис і бали з'являться, коли адміністратор опише її в DataItems.json.","Заготовка носія даних про аномалії. Назва, опис і бали з'являться, коли адміністратор опише її в DataItems.json.","Заготовка носія даних про аномалії. Назва, опис і бали з'являться, коли адміністратор опише її в DataItems.json.",
"STR_OZL_data_59","Аномальні дані 59 (не налаштовано)","Anomaly data 59 (not configured)","Аномальні дані 59 (не налаштовано)","Аномальні дані 59 (не налаштовано)","Аномальні дані 59 (не налаштовано)","Аномальні дані 59 (не налаштовано)","Аномальні дані 59 (не налаштовано)","Аномальні дані 59 (не налаштовано)","Аномальні дані 59 (не налаштовано)","Аномальні дані 59 (не налаштовано)","Аномальні дані 59 (не налаштовано)","Аномальні дані 59 (не налаштовано)","Аномальні дані 59 (не налаштовано)","Аномальні дані 59 (не налаштовано)",
"STR_OZL_data_59_desc","Заготовка носія даних про аномалії. Назва, опис і бали з'являться, коли адміністратор опише її в DataItems.json.","A blank carrier of anomaly data. Its name, description and points appear once an administrator defines it in DataItems.json.","Заготовка носія даних про аномалії. Назва, опис і бали з'являться, коли адміністратор опише її в DataItems.json.","Заготовка носія даних про аномалії. Назва, опис і бали з'являться, коли адміністратор опише її в DataItems.json.","Заготовка носія даних про аномалії. Назва, опис і бали з'являться, коли адміністратор опише її в DataItems.json.","Заготовка носія даних про аномалії. Назва, опис і бали з'являться, коли адміністратор опише її в DataItems.json.","Заготовка носія даних про аномалії. Назва, опис і бали з'являться, коли адміністратор опише її в DataItems.json.","Заготовка носія даних про аномалії. Назва, опис і бали з'являться, коли адміністратор опише її в DataItems.json.","Заготовка носія даних про аномалії. Назва, опис і бали з'являться, коли адміністратор опише її в DataItems.json.","Заготовка носія даних про аномалії. Назва, опис і бали з'являться, коли адміністратор опише її в DataItems.json.","Заготовка носія даних про аномалії. Назва, опис і бали з'являться, коли адміністратор опише її в DataItems.json.","Заготовка носія даних про аномалії. Назва, опис і бали з'являться, коли адміністратор опише її в DataItems.json.","Заготовка носія даних про аномалії. Назва, опис і бали з'являться, коли адміністратор опише її в DataItems.json.","Заготовка носія даних про аномалії. Назва, опис і бали з'являться, коли адміністратор опише її в DataItems.json.",
"STR_OZL_data_60","Аномальні дані 60 (не налаштовано)","Anomaly data 60 (not configured)","Аномальні дані 60 (не налаштовано)","Аномальні дані 60 (не налаштовано)","Аномальні дані 60 (не налаштовано)","Аномальні дані 60 (не налаштовано)","Аномальні дані 60 (не налаштовано)","Аномальні дані 60 (не налаштовано)","Аномальні дані 60 (не налаштовано)","Аномальні дані 60 (не налаштовано)","Аномальні дані 60 (не налаштовано)","Аномальні дані 60 (не налаштовано)","Аномальні дані 60 (не налаштовано)","Аномальні дані 60 (не налаштовано)",
"STR_OZL_data_60_desc","Заготовка носія даних про аномалії. Назва, опис і бали з'являться, коли адміністратор опише її в DataItems.json.","A blank carrier of anomaly data. Its name, description and points appear once an administrator defines it in DataItems.json.","Заготовка носія даних про аномалії. Назва, опис і бали з'являться, коли адміністратор опише її в DataItems.json.","Заготовка носія даних про аномалії. Назва, опис і бали з'являться, коли адміністратор опише її в DataItems.json.","Заготовка носія даних про аномалії. Назва, опис і бали з'являться, коли адміністратор опише її в DataItems.json.","Заготовка носія даних про аномалії. Назва, опис і бали з'являться, коли адміністратор опише її в DataItems.json.","Заготовка носія даних про аномалії. Назва, опис і бали з'являться, коли адміністратор опише її в DataItems.json.","Заготовка носія даних про аномалії. Назва, опис і бали з'являться, коли адміністратор опише її в DataItems.json.","Заготовка носія даних про аномалії. Назва, опис і бали з'являться, коли адміністратор опише її в DataItems.json.","Заготовка носія даних про аномалії. Назва, опис і бали з'являться, коли адміністратор опише її в DataItems.json.","Заготовка носія даних про аномалії. Назва, опис і бали з'являться, коли адміністратор опише її в DataItems.json.","Заготовка носія даних про аномалії. Назва, опис і бали з'являться, коли адміністратор опише її в DataItems.json.","Заготовка носія даних про аномалії. Назва, опис і бали з'являться, коли адміністратор опише її в DataItems.json.","Заготовка носія даних про аномалії. Назва, опис і бали з'являться, коли адміністратор опише її в DataItems.json.",
"STR_OZL_data_61","Технічні дані 61 (не налаштовано)","Technical data 61 (not configured)","Технічні дані 61 (не налаштовано)","Технічні дані 61 (не налаштовано)","Технічні дані 61 (не налаштовано)","Технічні дані 61 (не налаштовано)","Технічні дані 61 (не налаштовано)","Технічні дані 61 (не налаштовано)","Технічні дані 61 (не налаштовано)","Технічні дані 61 (не налаштовано)","Технічні дані 61 (не налаштовано)","Технічні дані 61 (не налаштовано)","Технічні дані 61 (не налаштовано)","Технічні дані 61 (не налаштовано)",
"STR_OZL_data_61_desc","Заготовка носія технічних даних. Назва, опис і бали з'являться, коли адміністратор опише її в DataItems.json.","A blank carrier of technical data. Its name, description and points appear once an administrator defines it in DataItems.json.","Заготовка носія технічних даних. Назва, опис і бали з'являться, коли адміністратор опише її в DataItems.json.","Заготовка носія технічних даних. Назва, опис і бали з'являться, коли адміністратор опише її в DataItems.json.","Заготовка носія технічних даних. Назва, опис і бали з'являться, коли адміністратор опише її в DataItems.json.","Заготовка носія технічних даних. Назва, опис і бали з'являться, коли адміністратор опише її в DataItems.json.","Заготовка носія технічних даних. Назва, опис і бали з'являться, коли адміністратор опише її в DataItems.json.","Заготовка носія технічних даних. Назва, опис і бали з'являться, коли адміністратор опише її в DataItems.json.","Заготовка носія технічних даних. Назва, опис і бали з'являться, коли адміністратор опише її в DataItems.json.","Заготовка носія технічних даних. Назва, опис і бали з'являться, коли адміністратор опише її в DataItems.json.","Заготовка носія технічних даних. Назва, опис і бали з'являться, коли адміністратор опише її в DataItems.json.","Заготовка носія технічних даних. Назва, опис і бали з'являться, коли адміністратор опише її в DataItems.json.","Заготовка носія технічних даних. Назва, опис і бали з'являться, коли адміністратор опише її в DataItems.json.","Заготовка носія технічних даних. Назва, опис і бали з'являться, коли адміністратор опише її в DataItems.json.",
"STR_OZL_data_62","Технічні дані 62 (не налаштовано)","Technical data 62 (not configured)","Технічні дані 62 (не налаштовано)","Технічні дані 62 (не налаштовано)","Технічні дані 62 (не налаштовано)","Технічні дані 62 (не налаштовано)","Технічні дані 62 (не налаштовано)","Технічні дані 62 (не налаштовано)","Технічні дані 62 (не налаштовано)","Технічні дані 62 (не налаштовано)","Технічні дані 62 (не налаштовано)","Технічні дані 62 (не налаштовано)","Технічні дані 62 (не налаштовано)","Технічні дані 62 (не налаштовано)",
"STR_OZL_data_62_desc","Заготовка носія технічних даних. Назва, опис і бали з'являться, коли адміністратор опише її в DataItems.json.","A blank carrier of technical data. Its name, description and points appear once an administrator defines it in DataItems.json.","Заготовка носія технічних даних. Назва, опис і бали з'являться, коли адміністратор опише її в DataItems.json.","Заготовка носія технічних даних. Назва, опис і бали з'являться, коли адміністратор опише її в DataItems.json.","Заготовка носія технічних даних. Назва, опис і бали з'являться, коли адміністратор опише її в DataItems.json.","Заготовка носія технічних даних. Назва, опис і бали з'являться, коли адміністратор опише її в DataItems.json.","Заготовка носія технічних даних. Назва, опис і бали з'являться, коли адміністратор опише її в DataItems.json.","Заготовка носія технічних даних. Назва, опис і бали з'являться, коли адміністратор опише її в DataItems.json.","Заготовка носія технічних даних. Назва, опис і бали з'являться, коли адміністратор опише її в DataItems.json.","Заготовка носія технічних даних. Назва, опис і бали з'являться, коли адміністратор опише її в DataItems.json.","Заготовка носія технічних даних. Назва, опис і бали з'являться, коли адміністратор опише її в DataItems.json.","Заготовка носія технічних даних. Назва, опис і бали з'являться, коли адміністратор опише її в DataItems.json.","Заготовка носія технічних даних. Назва, опис і бали з'являться, коли адміністратор опише її в DataItems.json.","Заготовка носія технічних даних. Назва, опис і бали з'являться, коли адміністратор опише її в DataItems.json.",
"STR_OZL_data_63","Технічні дані 63 (не налаштовано)","Technical data 63 (not configured)","Технічні дані 63 (не налаштовано)","Технічні дані 63 (не налаштовано)","Технічні дані 63 (не налаштовано)","Технічні дані 63 (не налаштовано)","Технічні дані 63 (не налаштовано)","Технічні дані 63 (не налаштовано)","Технічні дані 63 (не налаштовано)","Технічні дані 63 (не налаштовано)","Технічні дані 63 (не налаштовано)","Технічні дані 63 (не налаштовано)","Технічні дані 63 (не налаштовано)","Технічні дані 63 (не налаштовано)",
"STR_OZL_data_63_desc","Заготовка носія технічних даних. Назва, опис і бали з'являться, коли адміністратор опише її в DataItems.json.","A blank carrier of technical data. Its name, description and points appear once an administrator defines it in DataItems.json.","Заготовка носія технічних даних. Назва, опис і бали з'являться, коли адміністратор опише її в DataItems.json.","Заготовка носія технічних даних. Назва, опис і бали з'являться, коли адміністратор опише її в DataItems.json.","Заготовка носія технічних даних. Назва, опис і бали з'являться, коли адміністратор опише її в DataItems.json.","Заготовка носія технічних даних. Назва, опис і бали з'являться, коли адміністратор опише її в DataItems.json.","Заготовка носія технічних даних. Назва, опис і бали з'являться, коли адміністратор опише її в DataItems.json.","Заготовка носія технічних даних. Назва, опис і бали з'являться, коли адміністратор опише її в DataItems.json.","Заготовка носія технічних даних. Назва, опис і бали з'являться, коли адміністратор опише її в DataItems.json.","Заготовка носія технічних даних. Назва, опис і бали з'являться, коли адміністратор опише її в DataItems.json.","Заготовка носія технічних даних. Назва, опис і бали з'являться, коли адміністратор опише її в DataItems.json.","Заготовка носія технічних даних. Назва, опис і бали з'являться, коли адміністратор опише її в DataItems.json.","Заготовка носія технічних даних. Назва, опис і бали з'являться, коли адміністратор опише її в DataItems.json.","Заготовка носія технічних даних. Назва, опис і бали з'являться, коли адміністратор опише її в DataItems.json.",
"STR_OZL_data_64","Технічні дані 64 (не налаштовано)","Technical data 64 (not configured)","Технічні дані 64 (не налаштовано)","Технічні дані 64 (не налаштовано)","Технічні дані 64 (не налаштовано)","Технічні дані 64 (не налаштовано)","Технічні дані 64 (не налаштовано)","Технічні дані 64 (не налаштовано)","Технічні дані 64 (не налаштовано)","Технічні дані 64 (не налаштовано)","Технічні дані 64 (не налаштовано)","Технічні дані 64 (не налаштовано)","Технічні дані 64 (не налаштовано)","Технічні дані 64 (не налаштовано)",
"STR_OZL_data_64_desc","Заготовка носія технічних даних. Назва, опис і бали з'являться, коли адміністратор опише її в DataItems.json.","A blank carrier of technical data. Its name, description and points appear once an administrator defines it in DataItems.json.","Заготовка носія технічних даних. Назва, опис і бали з'являться, коли адміністратор опише її в DataItems.json.","Заготовка носія технічних даних. Назва, опис і бали з'являться, коли адміністратор опише її в DataItems.json.","Заготовка носія технічних даних. Назва, опис і бали з'являться, коли адміністратор опише її в DataItems.json.","Заготовка носія технічних даних. Назва, опис і бали з'являться, коли адміністратор опише її в DataItems.json.","Заготовка носія технічних даних. Назва, опис і бали з'являться, коли адміністратор опише її в DataItems.json.","Заготовка носія технічних даних. Назва, опис і бали з'являться, коли адміністратор опише її в DataItems.json.","Заготовка носія технічних даних. Назва, опис і бали з'являться, коли адміністратор опише її в DataItems.json.","Заготовка носія технічних даних. Назва, опис і бали з'являться, коли адміністратор опише її в DataItems.json.","Заготовка носія технічних даних. Назва, опис і бали з'являться, коли адміністратор опише її в DataItems.json.","Заготовка носія технічних даних. Назва, опис і бали з'являться, коли адміністратор опише її в DataItems.json.","Заготовка носія технічних даних. Назва, опис і бали з'являться, коли адміністратор опише її в DataItems.json.","Заготовка носія технічних даних. Назва, опис і бали з'являться, коли адміністратор опише її в DataItems.json.",
"STR_OZL_data_65","Технічні дані 65 (не налаштовано)","Technical data 65 (not configured)","Технічні дані 65 (не налаштовано)","Технічні дані 65 (не налаштовано)","Технічні дані 65 (не налаштовано)","Технічні дані 65 (не налаштовано)","Технічні дані 65 (не налаштовано)","Технічні дані 65 (не налаштовано)","Технічні дані 65 (не налаштовано)","Технічні дані 65 (не налаштовано)","Технічні дані 65 (не налаштовано)","Технічні дані 65 (не налаштовано)","Технічні дані 65 (не налаштовано)","Технічні дані 65 (не налаштовано)",
"STR_OZL_data_65_desc","Заготовка носія технічних даних. Назва, опис і бали з'являться, коли адміністратор опише її в DataItems.json.","A blank carrier of technical data. Its name, description and points appear once an administrator defines it in DataItems.json.","Заготовка носія технічних даних. Назва, опис і бали з'являться, коли адміністратор опише її в DataItems.json.","Заготовка носія технічних даних. Назва, опис і бали з'являться, коли адміністратор опише її в DataItems.json.","Заготовка носія технічних даних. Назва, опис і бали з'являться, коли адміністратор опише її в DataItems.json.","Заготовка носія технічних даних. Назва, опис і бали з'являться, коли адміністратор опише її в DataItems.json.","Заготовка носія технічних даних. Назва, опис і бали з'являться, коли адміністратор опише її в DataItems.json.","Заготовка носія технічних даних. Назва, опис і бали з'являться, коли адміністратор опише її в DataItems.json.","Заготовка носія технічних даних. Назва, опис і бали з'являться, коли адміністратор опише її в DataItems.json.","Заготовка носія технічних даних. Назва, опис і бали з'являться, коли адміністратор опише її в DataItems.json.","Заготовка носія технічних даних. Назва, опис і бали з'являться, коли адміністратор опише її в DataItems.json.","Заготовка носія технічних даних. Назва, опис і бали з'являться, коли адміністратор опише її в DataItems.json.","Заготовка носія технічних даних. Назва, опис і бали з'являться, коли адміністратор опише її в DataItems.json.","Заготовка носія технічних даних. Назва, опис і бали з'являться, коли адміністратор опише її в DataItems.json.",
"STR_OZL_data_66","Технічні дані 66 (не налаштовано)","Technical data 66 (not configured)","Технічні дані 66 (не налаштовано)","Технічні дані 66 (не налаштовано)","Технічні дані 66 (не налаштовано)","Технічні дані 66 (не налаштовано)","Технічні дані 66 (не налаштовано)","Технічні дані 66 (не налаштовано)","Технічні дані 66 (не налаштовано)","Технічні дані 66 (не налаштовано)","Технічні дані 66 (не налаштовано)","Технічні дані 66 (не налаштовано)","Технічні дані 66 (не налаштовано)","Технічні дані 66 (не налаштовано)",
"STR_OZL_data_66_desc","Заготовка носія технічних даних. Назва, опис і бали з'являться, коли адміністратор опише її в DataItems.json.","A blank carrier of technical data. Its name, description and points appear once an administrator defines it in DataItems.json.","Заготовка носія технічних даних. Назва, опис і бали з'являться, коли адміністратор опише її в DataItems.json.","Заготовка носія технічних даних. Назва, опис і бали з'являться, коли адміністратор опише її в DataItems.json.","Заготовка носія технічних даних. Назва, опис і бали з'являться, коли адміністратор опише її в DataItems.json.","Заготовка носія технічних даних. Назва, опис і бали з'являться, коли адміністратор опише її в DataItems.json.","Заготовка носія технічних даних. Назва, опис і бали з'являться, коли адміністратор опише її в DataItems.json.","Заготовка носія технічних даних. Назва, опис і бали з'являться, коли адміністратор опише її в DataItems.json.","Заготовка носія технічних даних. Назва, опис і бали з'являться, коли адміністратор опише її в DataItems.json.","Заготовка носія технічних даних. Назва, опис і бали з'являться, коли адміністратор опише її в DataItems.json.","Заготовка носія технічних даних. Назва, опис і бали з'являться, коли адміністратор опише її в DataItems.json.","Заготовка носія технічних даних. Назва, опис і бали з'являться, коли адміністратор опише її в DataItems.json.","Заготовка носія технічних даних. Назва, опис і бали з'являться, коли адміністратор опише її в DataItems.json.","Заготовка носія технічних даних. Назва, опис і бали з'являться, коли адміністратор опише її в DataItems.json.",
"STR_OZL_data_67","Технічні дані 67 (не налаштовано)","Technical data 67 (not configured)","Технічні дані 67 (не налаштовано)","Технічні дані 67 (не налаштовано)","Технічні дані 67 (не налаштовано)","Технічні дані 67 (не налаштовано)","Технічні дані 67 (не налаштовано)","Технічні дані 67 (не налаштовано)","Технічні дані 67 (не налаштовано)","Технічні дані 67 (не налаштовано)","Технічні дані 67 (не налаштовано)","Технічні дані 67 (не налаштовано)","Технічні дані 67 (не налаштовано)","Технічні дані 67 (не налаштовано)",
"STR_OZL_data_67_desc","Заготовка носія технічних даних. Назва, опис і бали з'являться, коли адміністратор опише її в DataItems.json.","A blank carrier of technical data. Its name, description and points appear once an administrator defines it in DataItems.json.","Заготовка носія технічних даних. Назва, опис і бали з'являться, коли адміністратор опише її в DataItems.json.","Заготовка носія технічних даних. Назва, опис і бали з'являться, коли адміністратор опише її в DataItems.json.","Заготовка носія технічних даних. Назва, опис і бали з'являться, коли адміністратор опише її в DataItems.json.","Заготовка носія технічних даних. Назва, опис і бали з'являться, коли адміністратор опише її в DataItems.json.","Заготовка носія технічних даних. Назва, опис і бали з'являться, коли адміністратор опише її в DataItems.json.","Заготовка носія технічних даних. Назва, опис і бали з'являться, коли адміністратор опише її в DataItems.json.","Заготовка носія технічних даних. Назва, опис і бали з'являться, коли адміністратор опише її в DataItems.json.","Заготовка носія технічних даних. Назва, опис і бали з'являться, коли адміністратор опише її в DataItems.json.","Заготовка носія технічних даних. Назва, опис і бали з'являться, коли адміністратор опише її в DataItems.json.","Заготовка носія технічних даних. Назва, опис і бали з'являться, коли адміністратор опише її в DataItems.json.","Заготовка носія технічних даних. Назва, опис і бали з'являться, коли адміністратор опише її в DataItems.json.","Заготовка носія технічних даних. Назва, опис і бали з'являться, коли адміністратор опише її в DataItems.json.",
"STR_OZL_data_68","Технічні дані 68 (не налаштовано)","Technical data 68 (not configured)","Технічні дані 68 (не налаштовано)","Технічні дані 68 (не налаштовано)","Технічні дані 68 (не налаштовано)","Технічні дані 68 (не налаштовано)","Технічні дані 68 (не налаштовано)","Технічні дані 68 (не налаштовано)","Технічні дані 68 (не налаштовано)","Технічні дані 68 (не налаштовано)","Технічні дані 68 (не налаштовано)","Технічні дані 68 (не налаштовано)","Технічні дані 68 (не налаштовано)","Технічні дані 68 (не налаштовано)",
"STR_OZL_data_68_desc","Заготовка носія технічних даних. Назва, опис і бали з'являться, коли адміністратор опише її в DataItems.json.","A blank carrier of technical data. Its name, description and points appear once an administrator defines it in DataItems.json.","Заготовка носія технічних даних. Назва, опис і бали з'являться, коли адміністратор опише її в DataItems.json.","Заготовка носія технічних даних. Назва, опис і бали з'являться, коли адміністратор опише її в DataItems.json.","Заготовка носія технічних даних. Назва, опис і бали з'являться, коли адміністратор опише її в DataItems.json.","Заготовка носія технічних даних. Назва, опис і бали з'являться, коли адміністратор опише її в DataItems.json.","Заготовка носія технічних даних. Назва, опис і бали з'являться, коли адміністратор опише її в DataItems.json.","Заготовка носія технічних даних. Назва, опис і бали з'являться, коли адміністратор опише її в DataItems.json.","Заготовка носія технічних даних. Назва, опис і бали з'являться, коли адміністратор опише її в DataItems.json.","Заготовка носія технічних даних. Назва, опис і бали з'являться, коли адміністратор опише її в DataItems.json.","Заготовка носія технічних даних. Назва, опис і бали з'являться, коли адміністратор опише її в DataItems.json.","Заготовка носія технічних даних. Назва, опис і бали з'являться, коли адміністратор опише її в DataItems.json.","Заготовка носія технічних даних. Назва, опис і бали з'являться, коли адміністратор опише її в DataItems.json.","Заготовка носія технічних даних. Назва, опис і бали з'являться, коли адміністратор опише її в DataItems.json.",
"STR_OZL_data_69","Технічні дані 69 (не налаштовано)","Technical data 69 (not configured)","Технічні дані 69 (не налаштовано)","Технічні дані 69 (не налаштовано)","Технічні дані 69 (не налаштовано)","Технічні дані 69 (не налаштовано)","Технічні дані 69 (не налаштовано)","Технічні дані 69 (не налаштовано)","Технічні дані 69 (не налаштовано)","Технічні дані 69 (не налаштовано)","Технічні дані 69 (не налаштовано)","Технічні дані 69 (не налаштовано)","Технічні дані 69 (не налаштовано)","Технічні дані 69 (не налаштовано)",
"STR_OZL_data_69_desc","Заготовка носія технічних даних. Назва, опис і бали з'являться, коли адміністратор опише її в DataItems.json.","A blank carrier of technical data. Its name, description and points appear once an administrator defines it in DataItems.json.","Заготовка носія технічних даних. Назва, опис і бали з'являться, коли адміністратор опише її в DataItems.json.","Заготовка носія технічних даних. Назва, опис і бали з'являться, коли адміністратор опише її в DataItems.json.","Заготовка носія технічних даних. Назва, опис і бали з'являться, коли адміністратор опише її в DataItems.json.","Заготовка носія технічних даних. Назва, опис і бали з'являться, коли адміністратор опише її в DataItems.json.","Заготовка носія технічних даних. Назва, опис і бали з'являться, коли адміністратор опише її в DataItems.json.","Заготовка носія технічних даних. Назва, опис і бали з'являться, коли адміністратор опише її в DataItems.json.","Заготовка носія технічних даних. Назва, опис і бали з'являться, коли адміністратор опише її в DataItems.json.","Заготовка носія технічних даних. Назва, опис і бали з'являться, коли адміністратор опише її в DataItems.json.","Заготовка носія технічних даних. Назва, опис і бали з'являться, коли адміністратор опише її в DataItems.json.","Заготовка носія технічних даних. Назва, опис і бали з'являться, коли адміністратор опише її в DataItems.json.","Заготовка носія технічних даних. Назва, опис і бали з'являться, коли адміністратор опише її в DataItems.json.","Заготовка носія технічних даних. Назва, опис і бали з'являться, коли адміністратор опише її в DataItems.json.",
"STR_OZL_data_70","Технічні дані 70 (не налаштовано)","Technical data 70 (not configured)","Технічні дані 70 (не налаштовано)","Технічні дані 70 (не налаштовано)","Технічні дані 70 (не налаштовано)","Технічні дані 70 (не налаштовано)","Технічні дані 70 (не налаштовано)","Технічні дані 70 (не налаштовано)","Технічні дані 70 (не налаштовано)","Технічні дані 70 (не налаштовано)","Технічні дані 70 (не налаштовано)","Технічні дані 70 (не налаштовано)","Технічні дані 70 (не налаштовано)","Технічні дані 70 (не налаштовано)",
"STR_OZL_data_70_desc","Заготовка носія технічних даних. Назва, опис і бали з'являться, коли адміністратор опише її в DataItems.json.","A blank carrier of technical data. Its name, description and points appear once an administrator defines it in DataItems.json.","Заготовка носія технічних даних. Назва, опис і бали з'являться, коли адміністратор опише її в DataItems.json.","Заготовка носія технічних даних. Назва, опис і бали з'являться, коли адміністратор опише її в DataItems.json.","Заготовка носія технічних даних. Назва, опис і бали з'являться, коли адміністратор опише її в DataItems.json.","Заготовка носія технічних даних. Назва, опис і бали з'являться, коли адміністратор опише її в DataItems.json.","Заготовка носія технічних даних. Назва, опис і бали з'являться, коли адміністратор опише її в DataItems.json.","Заготовка носія технічних даних. Назва, опис і бали з'являться, коли адміністратор опише її в DataItems.json.","Заготовка носія технічних даних. Назва, опис і бали з'являться, коли адміністратор опише її в DataItems.json.","Заготовка носія технічних даних. Назва, опис і бали з'являться, коли адміністратор опише її в DataItems.json.","Заготовка носія технічних даних. Назва, опис і бали з'являться, коли адміністратор опише її в DataItems.json.","Заготовка носія технічних даних. Назва, опис і бали з'являться, коли адміністратор опише її в DataItems.json.","Заготовка носія технічних даних. Назва, опис і бали з'являться, коли адміністратор опише її в DataItems.json.","Заготовка носія технічних даних. Назва, опис і бали з'являться, коли адміністратор опише її в DataItems.json.",
"STR_OZL_data_71","Технічні дані 71 (не налаштовано)","Technical data 71 (not configured)","Технічні дані 71 (не налаштовано)","Технічні дані 71 (не налаштовано)","Технічні дані 71 (не налаштовано)","Технічні дані 71 (не налаштовано)","Технічні дані 71 (не налаштовано)","Технічні дані 71 (не налаштовано)","Технічні дані 71 (не налаштовано)","Технічні дані 71 (не налаштовано)","Технічні дані 71 (не налаштовано)","Технічні дані 71 (не налаштовано)","Технічні дані 71 (не налаштовано)","Технічні дані 71 (не налаштовано)",
"STR_OZL_data_71_desc","Заготовка носія технічних даних. Назва, опис і бали з'являться, коли адміністратор опише її в DataItems.json.","A blank carrier of technical data. Its name, description and points appear once an administrator defines it in DataItems.json.","Заготовка носія технічних даних. Назва, опис і бали з'являться, коли адміністратор опише її в DataItems.json.","Заготовка носія технічних даних. Назва, опис і бали з'являться, коли адміністратор опише її в DataItems.json.","Заготовка носія технічних даних. Назва, опис і бали з'являться, коли адміністратор опише її в DataItems.json.","Заготовка носія технічних даних. Назва, опис і бали з'являться, коли адміністратор опише її в DataItems.json.","Заготовка носія технічних даних. Назва, опис і бали з'являться, коли адміністратор опише її в DataItems.json.","Заготовка носія технічних даних. Назва, опис і бали з'являться, коли адміністратор опише її в DataItems.json.","Заготовка носія технічних даних. Назва, опис і бали з'являться, коли адміністратор опише її в DataItems.json.","Заготовка носія технічних даних. Назва, опис і бали з'являться, коли адміністратор опише її в DataItems.json.","Заготовка носія технічних даних. Назва, опис і бали з'являться, коли адміністратор опише її в DataItems.json.","Заготовка носія технічних даних. Назва, опис і бали з'являться, коли адміністратор опише її в DataItems.json.","Заготовка носія технічних даних. Назва, опис і бали з'являться, коли адміністратор опише її в DataItems.json.","Заготовка носія технічних даних. Назва, опис і бали з'являться, коли адміністратор опише її в DataItems.json.",
"STR_OZL_data_72","Технічні дані 72 (не налаштовано)","Technical data 72 (not configured)","Технічні дані 72 (не налаштовано)","Технічні дані 72 (не налаштовано)","Технічні дані 72 (не налаштовано)","Технічні дані 72 (не налаштовано)","Технічні дані 72 (не налаштовано)","Технічні дані 72 (не налаштовано)","Технічні дані 72 (не налаштовано)","Технічні дані 72 (не налаштовано)","Технічні дані 72 (не налаштовано)","Технічні дані 72 (не налаштовано)","Технічні дані 72 (не налаштовано)","Технічні дані 72 (не налаштовано)",
"STR_OZL_data_72_desc","Заготовка носія технічних даних. Назва, опис і бали з'являться, коли адміністратор опише її в DataItems.json.","A blank carrier of technical data. Its name, description and points appear once an administrator defines it in DataItems.json.","Заготовка носія технічних даних. Назва, опис і бали з'являться, коли адміністратор опише її в DataItems.json.","Заготовка носія технічних даних. Назва, опис і бали з'являться, коли адміністратор опише її в DataItems.json.","Заготовка носія технічних даних. Назва, опис і бали з'являться, коли адміністратор опише її в DataItems.json.","Заготовка носія технічних даних. Назва, опис і бали з'являться, коли адміністратор опише її в DataItems.json.","Заготовка носія технічних даних. Назва, опис і бали з'являться, коли адміністратор опише її в DataItems.json.","Заготовка носія технічних даних. Назва, опис і бали з'являться, коли адміністратор опише її в DataItems.json.","Заготовка носія технічних даних. Назва, опис і бали з'являться, коли адміністратор опише її в DataItems.json.","Заготовка носія технічних даних. Назва, опис і бали з'являться, коли адміністратор опише її в DataItems.json.","Заготовка носія технічних даних. Назва, опис і бали з'являться, коли адміністратор опише її в DataItems.json.","Заготовка носія технічних даних. Назва, опис і бали з'являться, коли адміністратор опише її в DataItems.json.","Заготовка носія технічних даних. Назва, опис і бали з'являться, коли адміністратор опише її в DataItems.json.","Заготовка носія технічних даних. Назва, опис і бали з'являться, коли адміністратор опише її в DataItems.json.",
"STR_OZL_data_73","Технічні дані 73 (не налаштовано)","Technical data 73 (not configured)","Технічні дані 73 (не налаштовано)","Технічні дані 73 (не налаштовано)","Технічні дані 73 (не налаштовано)","Технічні дані 73 (не налаштовано)","Технічні дані 73 (не налаштовано)","Технічні дані 73 (не налаштовано)","Технічні дані 73 (не налаштовано)","Технічні дані 73 (не налаштовано)","Технічні дані 73 (не налаштовано)","Технічні дані 73 (не налаштовано)","Технічні дані 73 (не налаштовано)","Технічні дані 73 (не налаштовано)",
"STR_OZL_data_73_desc","Заготовка носія технічних даних. Назва, опис і бали з'являться, коли адміністратор опише її в DataItems.json.","A blank carrier of technical data. Its name, description and points appear once an administrator defines it in DataItems.json.","Заготовка носія технічних даних. Назва, опис і бали з'являться, коли адміністратор опише її в DataItems.json.","Заготовка носія технічних даних. Назва, опис і бали з'являться, коли адміністратор опише її в DataItems.json.","Заготовка носія технічних даних. Назва, опис і бали з'являться, коли адміністратор опише її в DataItems.json.","Заготовка носія технічних даних. Назва, опис і бали з'являться, коли адміністратор опише її в DataItems.json.","Заготовка носія технічних даних. Назва, опис і бали з'являться, коли адміністратор опише її в DataItems.json.","Заготовка носія технічних даних. Назва, опис і бали з'являться, коли адміністратор опише її в DataItems.json.","Заготовка носія технічних даних. Назва, опис і бали з'являться, коли адміністратор опише її в DataItems.json.","Заготовка носія технічних даних. Назва, опис і бали з'являться, коли адміністратор опише її в DataItems.json.","Заготовка носія технічних даних. Назва, опис і бали з'являться, коли адміністратор опише її в DataItems.json.","Заготовка носія технічних даних. Назва, опис і бали з'являться, коли адміністратор опише її в DataItems.json.","Заготовка носія технічних даних. Назва, опис і бали з'являться, коли адміністратор опише її в DataItems.json.","Заготовка носія технічних даних. Назва, опис і бали з'являться, коли адміністратор опише її в DataItems.json.",
"STR_OZL_data_74","Технічні дані 74 (не налаштовано)","Technical data 74 (not configured)","Технічні дані 74 (не налаштовано)","Технічні дані 74 (не налаштовано)","Технічні дані 74 (не налаштовано)","Технічні дані 74 (не налаштовано)","Технічні дані 74 (не налаштовано)","Технічні дані 74 (не налаштовано)","Технічні дані 74 (не налаштовано)","Технічні дані 74 (не налаштовано)","Технічні дані 74 (не налаштовано)","Технічні дані 74 (не налаштовано)","Технічні дані 74 (не налаштовано)","Технічні дані 74 (не налаштовано)",
"STR_OZL_data_74_desc","Заготовка носія технічних даних. Назва, опис і бали з'являться, коли адміністратор опише її в DataItems.json.","A blank carrier of technical data. Its name, description and points appear once an administrator defines it in DataItems.json.","Заготовка носія технічних даних. Назва, опис і бали з'являться, коли адміністратор опише її в DataItems.json.","Заготовка носія технічних даних. Назва, опис і бали з'являться, коли адміністратор опише її в DataItems.json.","Заготовка носія технічних даних. Назва, опис і бали з'являться, коли адміністратор опише її в DataItems.json.","Заготовка носія технічних даних. Назва, опис і бали з'являться, коли адміністратор опише її в DataItems.json.","Заготовка носія технічних даних. Назва, опис і бали з'являться, коли адміністратор опише її в DataItems.json.","Заготовка носія технічних даних. Назва, опис і бали з'являться, коли адміністратор опише її в DataItems.json.","Заготовка носія технічних даних. Назва, опис і бали з'являться, коли адміністратор опише її в DataItems.json.","Заготовка носія технічних даних. Назва, опис і бали з'являться, коли адміністратор опише її в DataItems.json.","Заготовка носія технічних даних. Назва, опис і бали з'являться, коли адміністратор опише її в DataItems.json.","Заготовка носія технічних даних. Назва, опис і бали з'являться, коли адміністратор опише її в DataItems.json.","Заготовка носія технічних даних. Назва, опис і бали з'являться, коли адміністратор опише її в DataItems.json.","Заготовка носія технічних даних. Назва, опис і бали з'являться, коли адміністратор опише її в DataItems.json.",
"STR_OZL_data_75","Технічні дані 75 (не налаштовано)","Technical data 75 (not configured)","Технічні дані 75 (не налаштовано)","Технічні дані 75 (не налаштовано)","Технічні дані 75 (не налаштовано)","Технічні дані 75 (не налаштовано)","Технічні дані 75 (не налаштовано)","Технічні дані 75 (не налаштовано)","Технічні дані 75 (не налаштовано)","Технічні дані 75 (не налаштовано)","Технічні дані 75 (не налаштовано)","Технічні дані 75 (не налаштовано)","Технічні дані 75 (не налаштовано)","Технічні дані 75 (не налаштовано)",
"STR_OZL_data_75_desc","Заготовка носія технічних даних. Назва, опис і бали з'являться, коли адміністратор опише її в DataItems.json.","A blank carrier of technical data. Its name, description and points appear once an administrator defines it in DataItems.json.","Заготовка носія технічних даних. Назва, опис і бали з'являться, коли адміністратор опише її в DataItems.json.","Заготовка носія технічних даних. Назва, опис і бали з'являться, коли адміністратор опише її в DataItems.json.","Заготовка носія технічних даних. Назва, опис і бали з'являться, коли адміністратор опише її в DataItems.json.","Заготовка носія технічних даних. Назва, опис і бали з'являться, коли адміністратор опише її в DataItems.json.","Заготовка носія технічних даних. Назва, опис і бали з'являться, коли адміністратор опише її в DataItems.json.","Заготовка носія технічних даних. Назва, опис і бали з'являться, коли адміністратор опише її в DataItems.json.","Заготовка носія технічних даних. Назва, опис і бали з'являться, коли адміністратор опише її в DataItems.json.","Заготовка носія технічних даних. Назва, опис і бали з'являться, коли адміністратор опише її в DataItems.json.","Заготовка носія технічних даних. Назва, опис і бали з'являться, коли адміністратор опише її в DataItems.json.","Заготовка носія технічних даних. Назва, опис і бали з'являться, коли адміністратор опише її в DataItems.json.","Заготовка носія технічних даних. Назва, опис і бали з'являться, коли адміністратор опише її в DataItems.json.","Заготовка носія технічних даних. Назва, опис і бали з'являться, коли адміністратор опише її в DataItems.json.",
"STR_OZL_data_76","Технічні дані 76 (не налаштовано)","Technical data 76 (not configured)","Технічні дані 76 (не налаштовано)","Технічні дані 76 (не налаштовано)","Технічні дані 76 (не налаштовано)","Технічні дані 76 (не налаштовано)","Технічні дані 76 (не налаштовано)","Технічні дані 76 (не налаштовано)","Технічні дані 76 (не налаштовано)","Технічні дані 76 (не налаштовано)","Технічні дані 76 (не налаштовано)","Технічні дані 76 (не налаштовано)","Технічні дані 76 (не налаштовано)","Технічні дані 76 (не налаштовано)",
"STR_OZL_data_76_desc","Заготовка носія технічних даних. Назва, опис і бали з'являться, коли адміністратор опише її в DataItems.json.","A blank carrier of technical data. Its name, description and points appear once an administrator defines it in DataItems.json.","Заготовка носія технічних даних. Назва, опис і бали з'являться, коли адміністратор опише її в DataItems.json.","Заготовка носія технічних даних. Назва, опис і бали з'являться, коли адміністратор опише її в DataItems.json.","Заготовка носія технічних даних. Назва, опис і бали з'являться, коли адміністратор опише її в DataItems.json.","Заготовка носія технічних даних. Назва, опис і бали з'являться, коли адміністратор опише її в DataItems.json.","Заготовка носія технічних даних. Назва, опис і бали з'являться, коли адміністратор опише її в DataItems.json.","Заготовка носія технічних даних. Назва, опис і бали з'являться, коли адміністратор опише її в DataItems.json.","Заготовка носія технічних даних. Назва, опис і бали з'являться, коли адміністратор опише її в DataItems.json.","Заготовка носія технічних даних. Назва, опис і бали з'являться, коли адміністратор опише її в DataItems.json.","Заготовка носія технічних даних. Назва, опис і бали з'являться, коли адміністратор опише її в DataItems.json.","Заготовка носія технічних даних. Назва, опис і бали з'являться, коли адміністратор опише її в DataItems.json.","Заготовка носія технічних даних. Назва, опис і бали з'являться, коли адміністратор опише її в DataItems.json.","Заготовка носія технічних даних. Назва, опис і бали з'являться, коли адміністратор опише її в DataItems.json.",
"STR_OZL_data_77","Технічні дані 77 (не налаштовано)","Technical data 77 (not configured)","Технічні дані 77 (не налаштовано)","Технічні дані 77 (не налаштовано)","Технічні дані 77 (не налаштовано)","Технічні дані 77 (не налаштовано)","Технічні дані 77 (не налаштовано)","Технічні дані 77 (не налаштовано)","Технічні дані 77 (не налаштовано)","Технічні дані 77 (не налаштовано)","Технічні дані 77 (не налаштовано)","Технічні дані 77 (не налаштовано)","Технічні дані 77 (не налаштовано)","Технічні дані 77 (не налаштовано)",
"STR_OZL_data_77_desc","Заготовка носія технічних даних. Назва, опис і бали з'являться, коли адміністратор опише її в DataItems.json.","A blank carrier of technical data. Its name, description and points appear once an administrator defines it in DataItems.json.","Заготовка носія технічних даних. Назва, опис і бали з'являться, коли адміністратор опише її в DataItems.json.","Заготовка носія технічних даних. Назва, опис і бали з'являться, коли адміністратор опише її в DataItems.json.","Заготовка носія технічних даних. Назва, опис і бали з'являться, коли адміністратор опише її в DataItems.json.","Заготовка носія технічних даних. Назва, опис і бали з'являться, коли адміністратор опише її в DataItems.json.","Заготовка носія технічних даних. Назва, опис і бали з'являться, коли адміністратор опише її в DataItems.json.","Заготовка носія технічних даних. Назва, опис і бали з'являться, коли адміністратор опише її в DataItems.json.","Заготовка носія технічних даних. Назва, опис і бали з'являться, коли адміністратор опише її в DataItems.json.","Заготовка носія технічних даних. Назва, опис і бали з'являться, коли адміністратор опише її в DataItems.json.","Заготовка носія технічних даних. Назва, опис і бали з'являться, коли адміністратор опише її в DataItems.json.","Заготовка носія технічних даних. Назва, опис і бали з'являться, коли адміністратор опише її в DataItems.json.","Заготовка носія технічних даних. Назва, опис і бали з'являться, коли адміністратор опише її в DataItems.json.","Заготовка носія технічних даних. Назва, опис і бали з'являться, коли адміністратор опише її в DataItems.json.",
"STR_OZL_data_78","Технічні дані 78 (не налаштовано)","Technical data 78 (not configured)","Технічні дані 78 (не налаштовано)","Технічні дані 78 (не налаштовано)","Технічні дані 78 (не налаштовано)","Технічні дані 78 (не налаштовано)","Технічні дані 78 (не налаштовано)","Технічні дані 78 (не налаштовано)","Технічні дані 78 (не налаштовано)","Технічні дані 78 (не налаштовано)","Технічні дані 78 (не налаштовано)","Технічні дані 78 (не налаштовано)","Технічні дані 78 (не налаштовано)","Технічні дані 78 (не налаштовано)",
"STR_OZL_data_78_desc","Заготовка носія технічних даних. Назва, опис і бали з'являться, коли адміністратор опише її в DataItems.json.","A blank carrier of technical data. Its name, description and points appear once an administrator defines it in DataItems.json.","Заготовка носія технічних даних. Назва, опис і бали з'являться, коли адміністратор опише її в DataItems.json.","Заготовка носія технічних даних. Назва, опис і бали з'являться, коли адміністратор опише її в DataItems.json.","Заготовка носія технічних даних. Назва, опис і бали з'являться, коли адміністратор опише її в DataItems.json.","Заготовка носія технічних даних. Назва, опис і бали з'являться, коли адміністратор опише її в DataItems.json.","Заготовка носія технічних даних. Назва, опис і бали з'являться, коли адміністратор опише її в DataItems.json.","Заготовка носія технічних даних. Назва, опис і бали з'являться, коли адміністратор опише її в DataItems.json.","Заготовка носія технічних даних. Назва, опис і бали з'являться, коли адміністратор опише її в DataItems.json.","Заготовка носія технічних даних. Назва, опис і бали з'являться, коли адміністратор опише її в DataItems.json.","Заготовка носія технічних даних. Назва, опис і бали з'являться, коли адміністратор опише її в DataItems.json.","Заготовка носія технічних даних. Назва, опис і бали з'являться, коли адміністратор опише її в DataItems.json.","Заготовка носія технічних даних. Назва, опис і бали з'являться, коли адміністратор опише її в DataItems.json.","Заготовка носія технічних даних. Назва, опис і бали з'являться, коли адміністратор опише її в DataItems.json.",
"STR_OZL_data_79","Технічні дані 79 (не налаштовано)","Technical data 79 (not configured)","Технічні дані 79 (не налаштовано)","Технічні дані 79 (не налаштовано)","Технічні дані 79 (не налаштовано)","Технічні дані 79 (не налаштовано)","Технічні дані 79 (не налаштовано)","Технічні дані 79 (не налаштовано)","Технічні дані 79 (не налаштовано)","Технічні дані 79 (не налаштовано)","Технічні дані 79 (не налаштовано)","Технічні дані 79 (не налаштовано)","Технічні дані 79 (не налаштовано)","Технічні дані 79 (не налаштовано)",
"STR_OZL_data_79_desc","Заготовка носія технічних даних. Назва, опис і бали з'являться, коли адміністратор опише її в DataItems.json.","A blank carrier of technical data. Its name, description and points appear once an administrator defines it in DataItems.json.","Заготовка носія технічних даних. Назва, опис і бали з'являться, коли адміністратор опише її в DataItems.json.","Заготовка носія технічних даних. Назва, опис і бали з'являться, коли адміністратор опише її в DataItems.json.","Заготовка носія технічних даних. Назва, опис і бали з'являться, коли адміністратор опише її в DataItems.json.","Заготовка носія технічних даних. Назва, опис і бали з'являться, коли адміністратор опише її в DataItems.json.","Заготовка носія технічних даних. Назва, опис і бали з'являться, коли адміністратор опише її в DataItems.json.","Заготовка носія технічних даних. Назва, опис і бали з'являться, коли адміністратор опише її в DataItems.json.","Заготовка носія технічних даних. Назва, опис і бали з'являться, коли адміністратор опише її в DataItems.json.","Заготовка носія технічних даних. Назва, опис і бали з'являться, коли адміністратор опише її в DataItems.json.","Заготовка носія технічних даних. Назва, опис і бали з'являться, коли адміністратор опише її в DataItems.json.","Заготовка носія технічних даних. Назва, опис і бали з'являться, коли адміністратор опише її в DataItems.json.","Заготовка носія технічних даних. Назва, опис і бали з'являться, коли адміністратор опише її в DataItems.json.","Заготовка носія технічних даних. Назва, опис і бали з'являться, коли адміністратор опише її в DataItems.json.",
"STR_OZL_data_80","Технічні дані 80 (не налаштовано)","Technical data 80 (not configured)","Технічні дані 80 (не налаштовано)","Технічні дані 80 (не налаштовано)","Технічні дані 80 (не налаштовано)","Технічні дані 80 (не налаштовано)","Технічні дані 80 (не налаштовано)","Технічні дані 80 (не налаштовано)","Технічні дані 80 (не налаштовано)","Технічні дані 80 (не налаштовано)","Технічні дані 80 (не налаштовано)","Технічні дані 80 (не налаштовано)","Технічні дані 80 (не налаштовано)","Технічні дані 80 (не налаштовано)",
"STR_OZL_data_80_desc","Заготовка носія технічних даних. Назва, опис і бали з'являться, коли адміністратор опише її в DataItems.json.","A blank carrier of technical data. Its name, description and points appear once an administrator defines it in DataItems.json.","Заготовка носія технічних даних. Назва, опис і бали з'являться, коли адміністратор опише її в DataItems.json.","Заготовка носія технічних даних. Назва, опис і бали з'являться, коли адміністратор опише її в DataItems.json.","Заготовка носія технічних даних. Назва, опис і бали з'являться, коли адміністратор опише її в DataItems.json.","Заготовка носія технічних даних. Назва, опис і бали з'являться, коли адміністратор опише її в DataItems.json.","Заготовка носія технічних даних. Назва, опис і бали з'являться, коли адміністратор опише її в DataItems.json.","Заготовка носія технічних даних. Назва, опис і бали з'являться, коли адміністратор опише її в DataItems.json.","Заготовка носія технічних даних. Назва, опис і бали з'являться, коли адміністратор опише її в DataItems.json.","Заготовка носія технічних даних. Назва, опис і бали з'являться, коли адміністратор опише її в DataItems.json.","Заготовка носія технічних даних. Назва, опис і бали з'являться, коли адміністратор опише її в DataItems.json.","Заготовка носія технічних даних. Назва, опис і бали з'являться, коли адміністратор опише її в DataItems.json.","Заготовка носія технічних даних. Назва, опис і бали з'являться, коли адміністратор опише її в DataItems.json.","Заготовка носія технічних даних. Назва, опис і бали з'являться, коли адміністратор опише її в DataItems.json.",
"STR_OZL_data_81","Технічні дані 81 (не налаштовано)","Technical data 81 (not configured)","Технічні дані 81 (не налаштовано)","Технічні дані 81 (не налаштовано)","Технічні дані 81 (не налаштовано)","Технічні дані 81 (не налаштовано)","Технічні дані 81 (не налаштовано)","Технічні дані 81 (не налаштовано)","Технічні дані 81 (не налаштовано)","Технічні дані 81 (не налаштовано)","Технічні дані 81 (не налаштовано)","Технічні дані 81 (не налаштовано)","Технічні дані 81 (не налаштовано)","Технічні дані 81 (не налаштовано)",
"STR_OZL_data_81_desc","Заготовка носія технічних даних. Назва, опис і бали з'являться, коли адміністратор опише її в DataItems.json.","A blank carrier of technical data. Its name, description and points appear once an administrator defines it in DataItems.json.","Заготовка носія технічних даних. Назва, опис і бали з'являться, коли адміністратор опише її в DataItems.json.","Заготовка носія технічних даних. Назва, опис і бали з'являться, коли адміністратор опише її в DataItems.json.","Заготовка носія технічних даних. Назва, опис і бали з'являться, коли адміністратор опише її в DataItems.json.","Заготовка носія технічних даних. Назва, опис і бали з'являться, коли адміністратор опише її в DataItems.json.","Заготовка носія технічних даних. Назва, опис і бали з'являться, коли адміністратор опише її в DataItems.json.","Заготовка носія технічних даних. Назва, опис і бали з'являться, коли адміністратор опише її в DataItems.json.","Заготовка носія технічних даних. Назва, опис і бали з'являться, коли адміністратор опише її в DataItems.json.","Заготовка носія технічних даних. Назва, опис і бали з'являться, коли адміністратор опише її в DataItems.json.","Заготовка носія технічних даних. Назва, опис і бали з'являться, коли адміністратор опише її в DataItems.json.","Заготовка носія технічних даних. Назва, опис і бали з'являться, коли адміністратор опише її в DataItems.json.","Заготовка носія технічних даних. Назва, опис і бали з'являться, коли адміністратор опише її в DataItems.json.","Заготовка носія технічних даних. Назва, опис і бали з'являться, коли адміністратор опише її в DataItems.json.",
"STR_OZL_data_82","Технічні дані 82 (не налаштовано)","Technical data 82 (not configured)","Технічні дані 82 (не налаштовано)","Технічні дані 82 (не налаштовано)","Технічні дані 82 (не налаштовано)","Технічні дані 82 (не налаштовано)","Технічні дані 82 (не налаштовано)","Технічні дані 82 (не налаштовано)","Технічні дані 82 (не налаштовано)","Технічні дані 82 (не налаштовано)","Технічні дані 82 (не налаштовано)","Технічні дані 82 (не налаштовано)","Технічні дані 82 (не налаштовано)","Технічні дані 82 (не налаштовано)",
"STR_OZL_data_82_desc","Заготовка носія технічних даних. Назва, опис і бали з'являться, коли адміністратор опише її в DataItems.json.","A blank carrier of technical data. Its name, description and points appear once an administrator defines it in DataItems.json.","Заготовка носія технічних даних. Назва, опис і бали з'являться, коли адміністратор опише її в DataItems.json.","Заготовка носія технічних даних. Назва, опис і бали з'являться, коли адміністратор опише її в DataItems.json.","Заготовка носія технічних даних. Назва, опис і бали з'являться, коли адміністратор опише її в DataItems.json.","Заготовка носія технічних даних. Назва, опис і бали з'являться, коли адміністратор опише її в DataItems.json.","Заготовка носія технічних даних. Назва, опис і бали з'являться, коли адміністратор опише її в DataItems.json.","Заготовка носія технічних даних. Назва, опис і бали з'являться, коли адміністратор опише її в DataItems.json.","Заготовка носія технічних даних. Назва, опис і бали з'являться, коли адміністратор опише її в DataItems.json.","Заготовка носія технічних даних. Назва, опис і бали з'являться, коли адміністратор опише її в DataItems.json.","Заготовка носія технічних даних. Назва, опис і бали з'являться, коли адміністратор опише її в DataItems.json.","Заготовка носія технічних даних. Назва, опис і бали з'являться, коли адміністратор опише її в DataItems.json.","Заготовка носія технічних даних. Назва, опис і бали з'являться, коли адміністратор опише її в DataItems.json.","Заготовка носія технічних даних. Назва, опис і бали з'являться, коли адміністратор опише її в DataItems.json.",
"STR_OZL_data_83","Технічні дані 83 (не налаштовано)","Technical data 83 (not configured)","Технічні дані 83 (не налаштовано)","Технічні дані 83 (не налаштовано)","Технічні дані 83 (не налаштовано)","Технічні дані 83 (не налаштовано)","Технічні дані 83 (не налаштовано)","Технічні дані 83 (не налаштовано)","Технічні дані 83 (не налаштовано)","Технічні дані 83 (не налаштовано)","Технічні дані 83 (не налаштовано)","Технічні дані 83 (не налаштовано)","Технічні дані 83 (не налаштовано)","Технічні дані 83 (не налаштовано)",
"STR_OZL_data_83_desc","Заготовка носія технічних даних. Назва, опис і бали з'являться, коли адміністратор опише її в DataItems.json.","A blank carrier of technical data. Its name, description and points appear once an administrator defines it in DataItems.json.","Заготовка носія технічних даних. Назва, опис і бали з'являться, коли адміністратор опише її в DataItems.json.","Заготовка носія технічних даних. Назва, опис і бали з'являться, коли адміністратор опише її в DataItems.json.","Заготовка носія технічних даних. Назва, опис і бали з'являться, коли адміністратор опише її в DataItems.json.","Заготовка носія технічних даних. Назва, опис і бали з'являться, коли адміністратор опише її в DataItems.json.","Заготовка носія технічних даних. Назва, опис і бали з'являться, коли адміністратор опише її в DataItems.json.","Заготовка носія технічних даних. Назва, опис і бали з'являться, коли адміністратор опише її в DataItems.json.","Заготовка носія технічних даних. Назва, опис і бали з'являться, коли адміністратор опише її в DataItems.json.","Заготовка носія технічних даних. Назва, опис і бали з'являться, коли адміністратор опише її в DataItems.json.","Заготовка носія технічних даних. Назва, опис і бали з'являться, коли адміністратор опише її в DataItems.json.","Заготовка носія технічних даних. Назва, опис і бали з'являться, коли адміністратор опише її в DataItems.json.","Заготовка носія технічних даних. Назва, опис і бали з'являться, коли адміністратор опише її в DataItems.json.","Заготовка носія технічних даних. Назва, опис і бали з'являться, коли адміністратор опише її в DataItems.json.",
"STR_OZL_data_84","Технічні дані 84 (не налаштовано)","Technical data 84 (not configured)","Технічні дані 84 (не налаштовано)","Технічні дані 84 (не налаштовано)","Технічні дані 84 (не налаштовано)","Технічні дані 84 (не налаштовано)","Технічні дані 84 (не налаштовано)","Технічні дані 84 (не налаштовано)","Технічні дані 84 (не налаштовано)","Технічні дані 84 (не налаштовано)","Технічні дані 84 (не налаштовано)","Технічні дані 84 (не налаштовано)","Технічні дані 84 (не налаштовано)","Технічні дані 84 (не налаштовано)",
"STR_OZL_data_84_desc","Заготовка носія технічних даних. Назва, опис і бали з'являться, коли адміністратор опише її в DataItems.json.","A blank carrier of technical data. Its name, description and points appear once an administrator defines it in DataItems.json.","Заготовка носія технічних даних. Назва, опис і бали з'являться, коли адміністратор опише її в DataItems.json.","Заготовка носія технічних даних. Назва, опис і бали з'являться, коли адміністратор опише її в DataItems.json.","Заготовка носія технічних даних. Назва, опис і бали з'являться, коли адміністратор опише її в DataItems.json.","Заготовка носія технічних даних. Назва, опис і бали з'являться, коли адміністратор опише її в DataItems.json.","Заготовка носія технічних даних. Назва, опис і бали з'являться, коли адміністратор опише її в DataItems.json.","Заготовка носія технічних даних. Назва, опис і бали з'являться, коли адміністратор опише її в DataItems.json.","Заготовка носія технічних даних. Назва, опис і бали з'являться, коли адміністратор опише її в DataItems.json.","Заготовка носія технічних даних. Назва, опис і бали з'являться, коли адміністратор опише її в DataItems.json.","Заготовка носія технічних даних. Назва, опис і бали з'являться, коли адміністратор опише її в DataItems.json.","Заготовка носія технічних даних. Назва, опис і бали з'являться, коли адміністратор опише її в DataItems.json.","Заготовка носія технічних даних. Назва, опис і бали з'являться, коли адміністратор опише її в DataItems.json.","Заготовка носія технічних даних. Назва, опис і бали з'являться, коли адміністратор опише її в DataItems.json.",
"STR_OZL_data_85","Технічні дані 85 (не налаштовано)","Technical data 85 (not configured)","Технічні дані 85 (не налаштовано)","Технічні дані 85 (не налаштовано)","Технічні дані 85 (не налаштовано)","Технічні дані 85 (не налаштовано)","Технічні дані 85 (не налаштовано)","Технічні дані 85 (не налаштовано)","Технічні дані 85 (не налаштовано)","Технічні дані 85 (не налаштовано)","Технічні дані 85 (не налаштовано)","Технічні дані 85 (не налаштовано)","Технічні дані 85 (не налаштовано)","Технічні дані 85 (не налаштовано)",
"STR_OZL_data_85_desc","Заготовка носія технічних даних. Назва, опис і бали з'являться, коли адміністратор опише її в DataItems.json.","A blank carrier of technical data. Its name, description and points appear once an administrator defines it in DataItems.json.","Заготовка носія технічних даних. Назва, опис і бали з'являться, коли адміністратор опише її в DataItems.json.","Заготовка носія технічних даних. Назва, опис і бали з'являться, коли адміністратор опише її в DataItems.json.","Заготовка носія технічних даних. Назва, опис і бали з'являться, коли адміністратор опише її в DataItems.json.","Заготовка носія технічних даних. Назва, опис і бали з'являться, коли адміністратор опише її в DataItems.json.","Заготовка носія технічних даних. Назва, опис і бали з'являться, коли адміністратор опише її в DataItems.json.","Заготовка носія технічних даних. Назва, опис і бали з'являться, коли адміністратор опише її в DataItems.json.","Заготовка носія технічних даних. Назва, опис і бали з'являться, коли адміністратор опише її в DataItems.json.","Заготовка носія технічних даних. Назва, опис і бали з'являться, коли адміністратор опише її в DataItems.json.","Заготовка носія технічних даних. Назва, опис і бали з'являться, коли адміністратор опише її в DataItems.json.","Заготовка носія технічних даних. Назва, опис і бали з'являться, коли адміністратор опише її в DataItems.json.","Заготовка носія технічних даних. Назва, опис і бали з'являться, коли адміністратор опише її в DataItems.json.","Заготовка носія технічних даних. Назва, опис і бали з'являться, коли адміністратор опише її в DataItems.json.",
"STR_OZL_data_86","Технічні дані 86 (не налаштовано)","Technical data 86 (not configured)","Технічні дані 86 (не налаштовано)","Технічні дані 86 (не налаштовано)","Технічні дані 86 (не налаштовано)","Технічні дані 86 (не налаштовано)","Технічні дані 86 (не налаштовано)","Технічні дані 86 (не налаштовано)","Технічні дані 86 (не налаштовано)","Технічні дані 86 (не налаштовано)","Технічні дані 86 (не налаштовано)","Технічні дані 86 (не налаштовано)","Технічні дані 86 (не налаштовано)","Технічні дані 86 (не налаштовано)",
"STR_OZL_data_86_desc","Заготовка носія технічних даних. Назва, опис і бали з'являться, коли адміністратор опише її в DataItems.json.","A blank carrier of technical data. Its name, description and points appear once an administrator defines it in DataItems.json.","Заготовка носія технічних даних. Назва, опис і бали з'являться, коли адміністратор опише її в DataItems.json.","Заготовка носія технічних даних. Назва, опис і бали з'являться, коли адміністратор опише її в DataItems.json.","Заготовка носія технічних даних. Назва, опис і бали з'являться, коли адміністратор опише її в DataItems.json.","Заготовка носія технічних даних. Назва, опис і бали з'являться, коли адміністратор опише її в DataItems.json.","Заготовка носія технічних даних. Назва, опис і бали з'являться, коли адміністратор опише її в DataItems.json.","Заготовка носія технічних даних. Назва, опис і бали з'являться, коли адміністратор опише її в DataItems.json.","Заготовка носія технічних даних. Назва, опис і бали з'являться, коли адміністратор опише її в DataItems.json.","Заготовка носія технічних даних. Назва, опис і бали з'являться, коли адміністратор опише її в DataItems.json.","Заготовка носія технічних даних. Назва, опис і бали з'являться, коли адміністратор опише її в DataItems.json.","Заготовка носія технічних даних. Назва, опис і бали з'являться, коли адміністратор опише її в DataItems.json.","Заготовка носія технічних даних. Назва, опис і бали з'являться, коли адміністратор опише її в DataItems.json.","Заготовка носія технічних даних. Назва, опис і бали з'являться, коли адміністратор опише її в DataItems.json.",
"STR_OZL_data_87","Технічні дані 87 (не налаштовано)","Technical data 87 (not configured)","Технічні дані 87 (не налаштовано)","Технічні дані 87 (не налаштовано)","Технічні дані 87 (не налаштовано)","Технічні дані 87 (не налаштовано)","Технічні дані 87 (не налаштовано)","Технічні дані 87 (не налаштовано)","Технічні дані 87 (не налаштовано)","Технічні дані 87 (не налаштовано)","Технічні дані 87 (не налаштовано)","Технічні дані 87 (не налаштовано)","Технічні дані 87 (не налаштовано)","Технічні дані 87 (не налаштовано)",
"STR_OZL_data_87_desc","Заготовка носія технічних даних. Назва, опис і бали з'являться, коли адміністратор опише її в DataItems.json.","A blank carrier of technical data. Its name, description and points appear once an administrator defines it in DataItems.json.","Заготовка носія технічних даних. Назва, опис і бали з'являться, коли адміністратор опише її в DataItems.json.","Заготовка носія технічних даних. Назва, опис і бали з'являться, коли адміністратор опише її в DataItems.json.","Заготовка носія технічних даних. Назва, опис і бали з'являться, коли адміністратор опише її в DataItems.json.","Заготовка носія технічних даних. Назва, опис і бали з'являться, коли адміністратор опише її в DataItems.json.","Заготовка носія технічних даних. Назва, опис і бали з'являться, коли адміністратор опише її в DataItems.json.","Заготовка носія технічних даних. Назва, опис і бали з'являться, коли адміністратор опише її в DataItems.json.","Заготовка носія технічних даних. Назва, опис і бали з'являться, коли адміністратор опише її в DataItems.json.","Заготовка носія технічних даних. Назва, опис і бали з'являться, коли адміністратор опише її в DataItems.json.","Заготовка носія технічних даних. Назва, опис і бали з'являться, коли адміністратор опише її в DataItems.json.","Заготовка носія технічних даних. Назва, опис і бали з'являться, коли адміністратор опише її в DataItems.json.","Заготовка носія технічних даних. Назва, опис і бали з'являться, коли адміністратор опише її в DataItems.json.","Заготовка носія технічних даних. Назва, опис і бали з'являться, коли адміністратор опише її в DataItems.json.",
"STR_OZL_data_88","Технічні дані 88 (не налаштовано)","Technical data 88 (not configured)","Технічні дані 88 (не налаштовано)","Технічні дані 88 (не налаштовано)","Технічні дані 88 (не налаштовано)","Технічні дані 88 (не налаштовано)","Технічні дані 88 (не налаштовано)","Технічні дані 88 (не налаштовано)","Технічні дані 88 (не налаштовано)","Технічні дані 88 (не налаштовано)","Технічні дані 88 (не налаштовано)","Технічні дані 88 (не налаштовано)","Технічні дані 88 (не налаштовано)","Технічні дані 88 (не налаштовано)",
"STR_OZL_data_88_desc","Заготовка носія технічних даних. Назва, опис і бали з'являться, коли адміністратор опише її в DataItems.json.","A blank carrier of technical data. Its name, description and points appear once an administrator defines it in DataItems.json.","Заготовка носія технічних даних. Назва, опис і бали з'являться, коли адміністратор опише її в DataItems.json.","Заготовка носія технічних даних. Назва, опис і бали з'являться, коли адміністратор опише її в DataItems.json.","Заготовка носія технічних даних. Назва, опис і бали з'являться, коли адміністратор опише її в DataItems.json.","Заготовка носія технічних даних. Назва, опис і бали з'являться, коли адміністратор опише її в DataItems.json.","Заготовка носія технічних даних. Назва, опис і бали з'являться, коли адміністратор опише її в DataItems.json.","Заготовка носія технічних даних. Назва, опис і бали з'являться, коли адміністратор опише її в DataItems.json.","Заготовка носія технічних даних. Назва, опис і бали з'являться, коли адміністратор опише її в DataItems.json.","Заготовка носія технічних даних. Назва, опис і бали з'являться, коли адміністратор опише її в DataItems.json.","Заготовка носія технічних даних. Назва, опис і бали з'являться, коли адміністратор опише її в DataItems.json.","Заготовка носія технічних даних. Назва, опис і бали з'являться, коли адміністратор опише її в DataItems.json.","Заготовка носія технічних даних. Назва, опис і бали з'являться, коли адміністратор опише її в DataItems.json.","Заготовка носія технічних даних. Назва, опис і бали з'являться, коли адміністратор опише її в DataItems.json.",
"STR_OZL_data_89","Технічні дані 89 (не налаштовано)","Technical data 89 (not configured)","Технічні дані 89 (не налаштовано)","Технічні дані 89 (не налаштовано)","Технічні дані 89 (не налаштовано)","Технічні дані 89 (не налаштовано)","Технічні дані 89 (не налаштовано)","Технічні дані 89 (не налаштовано)","Технічні дані 89 (не налаштовано)","Технічні дані 89 (не налаштовано)","Технічні дані 89 (не налаштовано)","Технічні дані 89 (не налаштовано)","Технічні дані 89 (не налаштовано)","Технічні дані 89 (не налаштовано)",
"STR_OZL_data_89_desc","Заготовка носія технічних даних. Назва, опис і бали з'являться, коли адміністратор опише її в DataItems.json.","A blank carrier of technical data. Its name, description and points appear once an administrator defines it in DataItems.json.","Заготовка носія технічних даних. Назва, опис і бали з'являться, коли адміністратор опише її в DataItems.json.","Заготовка носія технічних даних. Назва, опис і бали з'являться, коли адміністратор опише її в DataItems.json.","Заготовка носія технічних даних. Назва, опис і бали з'являться, коли адміністратор опише її в DataItems.json.","Заготовка носія технічних даних. Назва, опис і бали з'являться, коли адміністратор опише її в DataItems.json.","Заготовка носія технічних даних. Назва, опис і бали з'являться, коли адміністратор опише її в DataItems.json.","Заготовка носія технічних даних. Назва, опис і бали з'являться, коли адміністратор опише її в DataItems.json.","Заготовка носія технічних даних. Назва, опис і бали з'являться, коли адміністратор опише її в DataItems.json.","Заготовка носія технічних даних. Назва, опис і бали з'являться, коли адміністратор опише її в DataItems.json.","Заготовка носія технічних даних. Назва, опис і бали з'являться, коли адміністратор опише її в DataItems.json.","Заготовка носія технічних даних. Назва, опис і бали з'являться, коли адміністратор опише її в DataItems.json.","Заготовка носія технічних даних. Назва, опис і бали з'являться, коли адміністратор опише її в DataItems.json.","Заготовка носія технічних даних. Назва, опис і бали з'являться, коли адміністратор опише її в DataItems.json.",
"STR_OZL_data_90","Технічні дані 90 (не налаштовано)","Technical data 90 (not configured)","Технічні дані 90 (не налаштовано)","Технічні дані 90 (не налаштовано)","Технічні дані 90 (не налаштовано)","Технічні дані 90 (не налаштовано)","Технічні дані 90 (не налаштовано)","Технічні дані 90 (не налаштовано)","Технічні дані 90 (не налаштовано)","Технічні дані 90 (не налаштовано)","Технічні дані 90 (не налаштовано)","Технічні дані 90 (не налаштовано)","Технічні дані 90 (не налаштовано)","Технічні дані 90 (не налаштовано)",
"STR_OZL_data_90_desc","Заготовка носія технічних даних. Назва, опис і бали з'являться, коли адміністратор опише її в DataItems.json.","A blank carrier of technical data. Its name, description and points appear once an administrator defines it in DataItems.json.","Заготовка носія технічних даних. Назва, опис і бали з'являться, коли адміністратор опише її в DataItems.json.","Заготовка носія технічних даних. Назва, опис і бали з'являться, коли адміністратор опише її в DataItems.json.","Заготовка носія технічних даних. Назва, опис і бали з'являться, коли адміністратор опише її в DataItems.json.","Заготовка носія технічних даних. Назва, опис і бали з'являться, коли адміністратор опише її в DataItems.json.","Заготовка носія технічних даних. Назва, опис і бали з'являться, коли адміністратор опише її в DataItems.json.","Заготовка носія технічних даних. Назва, опис і бали з'являться, коли адміністратор опише її в DataItems.json.","Заготовка носія технічних даних. Назва, опис і бали з'являться, коли адміністратор опише її в DataItems.json.","Заготовка носія технічних даних. Назва, опис і бали з'являться, коли адміністратор опише її в DataItems.json.","Заготовка носія технічних даних. Назва, опис і бали з'являться, коли адміністратор опише її в DataItems.json.","Заготовка носія технічних даних. Назва, опис і бали з'являться, коли адміністратор опише її в DataItems.json.","Заготовка носія технічних даних. Назва, опис і бали з'являться, коли адміністратор опише її в DataItems.json.","Заготовка носія технічних даних. Назва, опис і бали з'являться, коли адміністратор опише її в DataItems.json.",
"STR_OZL_sample_01","Зразок №01 (не налаштовано)","Sample #01 (not configured)","Зразок №01 (не налаштовано)","Зразок №01 (не налаштовано)","Зразок №01 (не налаштовано)","Зразок №01 (не налаштовано)","Зразок №01 (не налаштовано)","Зразок №01 (не налаштовано)","Зразок №01 (не налаштовано)","Зразок №01 (не налаштовано)","Зразок №01 (не налаштовано)","Зразок №01 (не налаштовано)","Зразок №01 (не налаштовано)","Зразок №01 (не налаштовано)",
"STR_OZL_sample_01_desc","Зразок, підготовлений до аналізу. Опис з'явиться, коли адміністратор опише цей тип у SampleTypes.json.","A sample prepared for analysis. Its description appears once an administrator defines this type in SampleTypes.json.","Зразок, підготовлений до аналізу. Опис з'явиться, коли адміністратор опише цей тип у SampleTypes.json.","Зразок, підготовлений до аналізу. Опис з'явиться, коли адміністратор опише цей тип у SampleTypes.json.","Зразок, підготовлений до аналізу. Опис з'явиться, коли адміністратор опише цей тип у SampleTypes.json.","Зразок, підготовлений до аналізу. Опис з'явиться, коли адміністратор опише цей тип у SampleTypes.json.","Зразок, підготовлений до аналізу. Опис з'явиться, коли адміністратор опише цей тип у SampleTypes.json.","Зразок, підготовлений до аналізу. Опис з'явиться, коли адміністратор опише цей тип у SampleTypes.json.","Зразок, підготовлений до аналізу. Опис з'явиться, коли адміністратор опише цей тип у SampleTypes.json.","Зразок, підготовлений до аналізу. Опис з'явиться, коли адміністратор опише цей тип у SampleTypes.json.","Зразок, підготовлений до аналізу. Опис з'явиться, коли адміністратор опише цей тип у SampleTypes.json.","Зразок, підготовлений до аналізу. Опис з'явиться, коли адміністратор опише цей тип у SampleTypes.json.","Зразок, підготовлений до аналізу. Опис з'явиться, коли адміністратор опише цей тип у SampleTypes.json.","Зразок, підготовлений до аналізу. Опис з'явиться, коли адміністратор опише цей тип у SampleTypes.json.",
"STR_OZL_sample_02","Зразок №02 (не налаштовано)","Sample #02 (not configured)","Зразок №02 (не налаштовано)","Зразок №02 (не налаштовано)","Зразок №02 (не налаштовано)","Зразок №02 (не налаштовано)","Зразок №02 (не налаштовано)","Зразок №02 (не налаштовано)","Зразок №02 (не налаштовано)","Зразок №02 (не налаштовано)","Зразок №02 (не налаштовано)","Зразок №02 (не налаштовано)","Зразок №02 (не налаштовано)","Зразок №02 (не налаштовано)",
"STR_OZL_sample_02_desc","Зразок, підготовлений до аналізу. Опис з'явиться, коли адміністратор опише цей тип у SampleTypes.json.","A sample prepared for analysis. Its description appears once an administrator defines this type in SampleTypes.json.","Зразок, підготовлений до аналізу. Опис з'явиться, коли адміністратор опише цей тип у SampleTypes.json.","Зразок, підготовлений до аналізу. Опис з'явиться, коли адміністратор опише цей тип у SampleTypes.json.","Зразок, підготовлений до аналізу. Опис з'явиться, коли адміністратор опише цей тип у SampleTypes.json.","Зразок, підготовлений до аналізу. Опис з'явиться, коли адміністратор опише цей тип у SampleTypes.json.","Зразок, підготовлений до аналізу. Опис з'явиться, коли адміністратор опише цей тип у SampleTypes.json.","Зразок, підготовлений до аналізу. Опис з'явиться, коли адміністратор опише цей тип у SampleTypes.json.","Зразок, підготовлений до аналізу. Опис з'явиться, коли адміністратор опише цей тип у SampleTypes.json.","Зразок, підготовлений до аналізу. Опис з'явиться, коли адміністратор опише цей тип у SampleTypes.json.","Зразок, підготовлений до аналізу. Опис з'явиться, коли адміністратор опише цей тип у SampleTypes.json.","Зразок, підготовлений до аналізу. Опис з'явиться, коли адміністратор опише цей тип у SampleTypes.json.","Зразок, підготовлений до аналізу. Опис з'явиться, коли адміністратор опише цей тип у SampleTypes.json.","Зразок, підготовлений до аналізу. Опис з'явиться, коли адміністратор опише цей тип у SampleTypes.json.",
"STR_OZL_sample_03","Зразок №03 (не налаштовано)","Sample #03 (not configured)","Зразок №03 (не налаштовано)","Зразок №03 (не налаштовано)","Зразок №03 (не налаштовано)","Зразок №03 (не налаштовано)","Зразок №03 (не налаштовано)","Зразок №03 (не налаштовано)","Зразок №03 (не налаштовано)","Зразок №03 (не налаштовано)","Зразок №03 (не налаштовано)","Зразок №03 (не налаштовано)","Зразок №03 (не налаштовано)","Зразок №03 (не налаштовано)",
"STR_OZL_sample_03_desc","Зразок, підготовлений до аналізу. Опис з'явиться, коли адміністратор опише цей тип у SampleTypes.json.","A sample prepared for analysis. Its description appears once an administrator defines this type in SampleTypes.json.","Зразок, підготовлений до аналізу. Опис з'явиться, коли адміністратор опише цей тип у SampleTypes.json.","Зразок, підготовлений до аналізу. Опис з'явиться, коли адміністратор опише цей тип у SampleTypes.json.","Зразок, підготовлений до аналізу. Опис з'явиться, коли адміністратор опише цей тип у SampleTypes.json.","Зразок, підготовлений до аналізу. Опис з'явиться, коли адміністратор опише цей тип у SampleTypes.json.","Зразок, підготовлений до аналізу. Опис з'явиться, коли адміністратор опише цей тип у SampleTypes.json.","Зразок, підготовлений до аналізу. Опис з'явиться, коли адміністратор опише цей тип у SampleTypes.json.","Зразок, підготовлений до аналізу. Опис з'явиться, коли адміністратор опише цей тип у SampleTypes.json.","Зразок, підготовлений до аналізу. Опис з'явиться, коли адміністратор опише цей тип у SampleTypes.json.","Зразок, підготовлений до аналізу. Опис з'явиться, коли адміністратор опише цей тип у SampleTypes.json.","Зразок, підготовлений до аналізу. Опис з'явиться, коли адміністратор опише цей тип у SampleTypes.json.","Зразок, підготовлений до аналізу. Опис з'явиться, коли адміністратор опише цей тип у SampleTypes.json.","Зразок, підготовлений до аналізу. Опис з'явиться, коли адміністратор опише цей тип у SampleTypes.json.",
"STR_OZL_sample_04","Зразок №04 (не налаштовано)","Sample #04 (not configured)","Зразок №04 (не налаштовано)","Зразок №04 (не налаштовано)","Зразок №04 (не налаштовано)","Зразок №04 (не налаштовано)","Зразок №04 (не налаштовано)","Зразок №04 (не налаштовано)","Зразок №04 (не налаштовано)","Зразок №04 (не налаштовано)","Зразок №04 (не налаштовано)","Зразок №04 (не налаштовано)","Зразок №04 (не налаштовано)","Зразок №04 (не налаштовано)",
"STR_OZL_sample_04_desc","Зразок, підготовлений до аналізу. Опис з'явиться, коли адміністратор опише цей тип у SampleTypes.json.","A sample prepared for analysis. Its description appears once an administrator defines this type in SampleTypes.json.","Зразок, підготовлений до аналізу. Опис з'явиться, коли адміністратор опише цей тип у SampleTypes.json.","Зразок, підготовлений до аналізу. Опис з'явиться, коли адміністратор опише цей тип у SampleTypes.json.","Зразок, підготовлений до аналізу. Опис з'явиться, коли адміністратор опише цей тип у SampleTypes.json.","Зразок, підготовлений до аналізу. Опис з'явиться, коли адміністратор опише цей тип у SampleTypes.json.","Зразок, підготовлений до аналізу. Опис з'явиться, коли адміністратор опише цей тип у SampleTypes.json.","Зразок, підготовлений до аналізу. Опис з'явиться, коли адміністратор опише цей тип у SampleTypes.json.","Зразок, підготовлений до аналізу. Опис з'явиться, коли адміністратор опише цей тип у SampleTypes.json.","Зразок, підготовлений до аналізу. Опис з'явиться, коли адміністратор опише цей тип у SampleTypes.json.","Зразок, підготовлений до аналізу. Опис з'явиться, коли адміністратор опише цей тип у SampleTypes.json.","Зразок, підготовлений до аналізу. Опис з'явиться, коли адміністратор опише цей тип у SampleTypes.json.","Зразок, підготовлений до аналізу. Опис з'явиться, коли адміністратор опише цей тип у SampleTypes.json.","Зразок, підготовлений до аналізу. Опис з'явиться, коли адміністратор опише цей тип у SampleTypes.json.",
"STR_OZL_sample_05","Зразок №05 (не налаштовано)","Sample #05 (not configured)","Зразок №05 (не налаштовано)","Зразок №05 (не налаштовано)","Зразок №05 (не налаштовано)","Зразок №05 (не налаштовано)","Зразок №05 (не налаштовано)","Зразок №05 (не налаштовано)","Зразок №05 (не налаштовано)","Зразок №05 (не налаштовано)","Зразок №05 (не налаштовано)","Зразок №05 (не налаштовано)","Зразок №05 (не налаштовано)","Зразок №05 (не налаштовано)",
"STR_OZL_sample_05_desc","Зразок, підготовлений до аналізу. Опис з'явиться, коли адміністратор опише цей тип у SampleTypes.json.","A sample prepared for analysis. Its description appears once an administrator defines this type in SampleTypes.json.","Зразок, підготовлений до аналізу. Опис з'явиться, коли адміністратор опише цей тип у SampleTypes.json.","Зразок, підготовлений до аналізу. Опис з'явиться, коли адміністратор опише цей тип у SampleTypes.json.","Зразок, підготовлений до аналізу. Опис з'явиться, коли адміністратор опише цей тип у SampleTypes.json.","Зразок, підготовлений до аналізу. Опис з'явиться, коли адміністратор опише цей тип у SampleTypes.json.","Зразок, підготовлений до аналізу. Опис з'явиться, коли адміністратор опише цей тип у SampleTypes.json.","Зразок, підготовлений до аналізу. Опис з'явиться, коли адміністратор опише цей тип у SampleTypes.json.","Зразок, підготовлений до аналізу. Опис з'явиться, коли адміністратор опише цей тип у SampleTypes.json.","Зразок, підготовлений до аналізу. Опис з'явиться, коли адміністратор опише цей тип у SampleTypes.json.","Зразок, підготовлений до аналізу. Опис з'явиться, коли адміністратор опише цей тип у SampleTypes.json.","Зразок, підготовлений до аналізу. Опис з'явиться, коли адміністратор опише цей тип у SampleTypes.json.","Зразок, підготовлений до аналізу. Опис з'явиться, коли адміністратор опише цей тип у SampleTypes.json.","Зразок, підготовлений до аналізу. Опис з'явиться, коли адміністратор опише цей тип у SampleTypes.json.",
"STR_OZL_sample_06","Зразок №06 (не налаштовано)","Sample #06 (not configured)","Зразок №06 (не налаштовано)","Зразок №06 (не налаштовано)","Зразок №06 (не налаштовано)","Зразок №06 (не налаштовано)","Зразок №06 (не налаштовано)","Зразок №06 (не налаштовано)","Зразок №06 (не налаштовано)","Зразок №06 (не налаштовано)","Зразок №06 (не налаштовано)","Зразок №06 (не налаштовано)","Зразок №06 (не налаштовано)","Зразок №06 (не налаштовано)",
"STR_OZL_sample_06_desc","Зразок, підготовлений до аналізу. Опис з'явиться, коли адміністратор опише цей тип у SampleTypes.json.","A sample prepared for analysis. Its description appears once an administrator defines this type in SampleTypes.json.","Зразок, підготовлений до аналізу. Опис з'явиться, коли адміністратор опише цей тип у SampleTypes.json.","Зразок, підготовлений до аналізу. Опис з'явиться, коли адміністратор опише цей тип у SampleTypes.json.","Зразок, підготовлений до аналізу. Опис з'явиться, коли адміністратор опише цей тип у SampleTypes.json.","Зразок, підготовлений до аналізу. Опис з'явиться, коли адміністратор опише цей тип у SampleTypes.json.","Зразок, підготовлений до аналізу. Опис з'явиться, коли адміністратор опише цей тип у SampleTypes.json.","Зразок, підготовлений до аналізу. Опис з'явиться, коли адміністратор опише цей тип у SampleTypes.json.","Зразок, підготовлений до аналізу. Опис з'явиться, коли адміністратор опише цей тип у SampleTypes.json.","Зразок, підготовлений до аналізу. Опис з'явиться, коли адміністратор опише цей тип у SampleTypes.json.","Зразок, підготовлений до аналізу. Опис з'явиться, коли адміністратор опише цей тип у SampleTypes.json.","Зразок, підготовлений до аналізу. Опис з'явиться, коли адміністратор опише цей тип у SampleTypes.json.","Зразок, підготовлений до аналізу. Опис з'явиться, коли адміністратор опише цей тип у SampleTypes.json.","Зразок, підготовлений до аналізу. Опис з'явиться, коли адміністратор опише цей тип у SampleTypes.json.",
"STR_OZL_sample_07","Зразок №07 (не налаштовано)","Sample #07 (not configured)","Зразок №07 (не налаштовано)","Зразок №07 (не налаштовано)","Зразок №07 (не налаштовано)","Зразок №07 (не налаштовано)","Зразок №07 (не налаштовано)","Зразок №07 (не налаштовано)","Зразок №07 (не налаштовано)","Зразок №07 (не налаштовано)","Зразок №07 (не налаштовано)","Зразок №07 (не налаштовано)","Зразок №07 (не налаштовано)","Зразок №07 (не налаштовано)",
"STR_OZL_sample_07_desc","Зразок, підготовлений до аналізу. Опис з'явиться, коли адміністратор опише цей тип у SampleTypes.json.","A sample prepared for analysis. Its description appears once an administrator defines this type in SampleTypes.json.","Зразок, підготовлений до аналізу. Опис з'явиться, коли адміністратор опише цей тип у SampleTypes.json.","Зразок, підготовлений до аналізу. Опис з'явиться, коли адміністратор опише цей тип у SampleTypes.json.","Зразок, підготовлений до аналізу. Опис з'явиться, коли адміністратор опише цей тип у SampleTypes.json.","Зразок, підготовлений до аналізу. Опис з'явиться, коли адміністратор опише цей тип у SampleTypes.json.","Зразок, підготовлений до аналізу. Опис з'явиться, коли адміністратор опише цей тип у SampleTypes.json.","Зразок, підготовлений до аналізу. Опис з'явиться, коли адміністратор опише цей тип у SampleTypes.json.","Зразок, підготовлений до аналізу. Опис з'явиться, коли адміністратор опише цей тип у SampleTypes.json.","Зразок, підготовлений до аналізу. Опис з'явиться, коли адміністратор опише цей тип у SampleTypes.json.","Зразок, підготовлений до аналізу. Опис з'явиться, коли адміністратор опише цей тип у SampleTypes.json.","Зразок, підготовлений до аналізу. Опис з'явиться, коли адміністратор опише цей тип у SampleTypes.json.","Зразок, підготовлений до аналізу. Опис з'явиться, коли адміністратор опише цей тип у SampleTypes.json.","Зразок, підготовлений до аналізу. Опис з'явиться, коли адміністратор опише цей тип у SampleTypes.json.",
"STR_OZL_sample_08","Зразок №08 (не налаштовано)","Sample #08 (not configured)","Зразок №08 (не налаштовано)","Зразок №08 (не налаштовано)","Зразок №08 (не налаштовано)","Зразок №08 (не налаштовано)","Зразок №08 (не налаштовано)","Зразок №08 (не налаштовано)","Зразок №08 (не налаштовано)","Зразок №08 (не налаштовано)","Зразок №08 (не налаштовано)","Зразок №08 (не налаштовано)","Зразок №08 (не налаштовано)","Зразок №08 (не налаштовано)",
"STR_OZL_sample_08_desc","Зразок, підготовлений до аналізу. Опис з'явиться, коли адміністратор опише цей тип у SampleTypes.json.","A sample prepared for analysis. Its description appears once an administrator defines this type in SampleTypes.json.","Зразок, підготовлений до аналізу. Опис з'явиться, коли адміністратор опише цей тип у SampleTypes.json.","Зразок, підготовлений до аналізу. Опис з'явиться, коли адміністратор опише цей тип у SampleTypes.json.","Зразок, підготовлений до аналізу. Опис з'явиться, коли адміністратор опише цей тип у SampleTypes.json.","Зразок, підготовлений до аналізу. Опис з'явиться, коли адміністратор опише цей тип у SampleTypes.json.","Зразок, підготовлений до аналізу. Опис з'явиться, коли адміністратор опише цей тип у SampleTypes.json.","Зразок, підготовлений до аналізу. Опис з'явиться, коли адміністратор опише цей тип у SampleTypes.json.","Зразок, підготовлений до аналізу. Опис з'явиться, коли адміністратор опише цей тип у SampleTypes.json.","Зразок, підготовлений до аналізу. Опис з'явиться, коли адміністратор опише цей тип у SampleTypes.json.","Зразок, підготовлений до аналізу. Опис з'явиться, коли адміністратор опише цей тип у SampleTypes.json.","Зразок, підготовлений до аналізу. Опис з'явиться, коли адміністратор опише цей тип у SampleTypes.json.","Зразок, підготовлений до аналізу. Опис з'явиться, коли адміністратор опише цей тип у SampleTypes.json.","Зразок, підготовлений до аналізу. Опис з'явиться, коли адміністратор опише цей тип у SampleTypes.json.",
"STR_OZL_sample_09","Зразок №09 (не налаштовано)","Sample #09 (not configured)","Зразок №09 (не налаштовано)","Зразок №09 (не налаштовано)","Зразок №09 (не налаштовано)","Зразок №09 (не налаштовано)","Зразок №09 (не налаштовано)","Зразок №09 (не налаштовано)","Зразок №09 (не налаштовано)","Зразок №09 (не налаштовано)","Зразок №09 (не налаштовано)","Зразок №09 (не налаштовано)","Зразок №09 (не налаштовано)","Зразок №09 (не налаштовано)",
"STR_OZL_sample_09_desc","Зразок, підготовлений до аналізу. Опис з'явиться, коли адміністратор опише цей тип у SampleTypes.json.","A sample prepared for analysis. Its description appears once an administrator defines this type in SampleTypes.json.","Зразок, підготовлений до аналізу. Опис з'явиться, коли адміністратор опише цей тип у SampleTypes.json.","Зразок, підготовлений до аналізу. Опис з'явиться, коли адміністратор опише цей тип у SampleTypes.json.","Зразок, підготовлений до аналізу. Опис з'явиться, коли адміністратор опише цей тип у SampleTypes.json.","Зразок, підготовлений до аналізу. Опис з'явиться, коли адміністратор опише цей тип у SampleTypes.json.","Зразок, підготовлений до аналізу. Опис з'явиться, коли адміністратор опише цей тип у SampleTypes.json.","Зразок, підготовлений до аналізу. Опис з'явиться, коли адміністратор опише цей тип у SampleTypes.json.","Зразок, підготовлений до аналізу. Опис з'явиться, коли адміністратор опише цей тип у SampleTypes.json.","Зразок, підготовлений до аналізу. Опис з'явиться, коли адміністратор опише цей тип у SampleTypes.json.","Зразок, підготовлений до аналізу. Опис з'явиться, коли адміністратор опише цей тип у SampleTypes.json.","Зразок, підготовлений до аналізу. Опис з'явиться, коли адміністратор опише цей тип у SampleTypes.json.","Зразок, підготовлений до аналізу. Опис з'явиться, коли адміністратор опише цей тип у SampleTypes.json.","Зразок, підготовлений до аналізу. Опис з'явиться, коли адміністратор опише цей тип у SampleTypes.json.",
"STR_OZL_sample_10","Зразок №10 (не налаштовано)","Sample #10 (not configured)","Зразок №10 (не налаштовано)","Зразок №10 (не налаштовано)","Зразок №10 (не налаштовано)","Зразок №10 (не налаштовано)","Зразок №10 (не налаштовано)","Зразок №10 (не налаштовано)","Зразок №10 (не налаштовано)","Зразок №10 (не налаштовано)","Зразок №10 (не налаштовано)","Зразок №10 (не налаштовано)","Зразок №10 (не налаштовано)","Зразок №10 (не налаштовано)",
"STR_OZL_sample_10_desc","Зразок, підготовлений до аналізу. Опис з'явиться, коли адміністратор опише цей тип у SampleTypes.json.","A sample prepared for analysis. Its description appears once an administrator defines this type in SampleTypes.json.","Зразок, підготовлений до аналізу. Опис з'явиться, коли адміністратор опише цей тип у SampleTypes.json.","Зразок, підготовлений до аналізу. Опис з'явиться, коли адміністратор опише цей тип у SampleTypes.json.","Зразок, підготовлений до аналізу. Опис з'явиться, коли адміністратор опише цей тип у SampleTypes.json.","Зразок, підготовлений до аналізу. Опис з'явиться, коли адміністратор опише цей тип у SampleTypes.json.","Зразок, підготовлений до аналізу. Опис з'явиться, коли адміністратор опише цей тип у SampleTypes.json.","Зразок, підготовлений до аналізу. Опис з'явиться, коли адміністратор опише цей тип у SampleTypes.json.","Зразок, підготовлений до аналізу. Опис з'явиться, коли адміністратор опише цей тип у SampleTypes.json.","Зразок, підготовлений до аналізу. Опис з'явиться, коли адміністратор опише цей тип у SampleTypes.json.","Зразок, підготовлений до аналізу. Опис з'явиться, коли адміністратор опише цей тип у SampleTypes.json.","Зразок, підготовлений до аналізу. Опис з'явиться, коли адміністратор опише цей тип у SampleTypes.json.","Зразок, підготовлений до аналізу. Опис з'явиться, коли адміністратор опише цей тип у SampleTypes.json.","Зразок, підготовлений до аналізу. Опис з'явиться, коли адміністратор опише цей тип у SampleTypes.json.",
"STR_OZL_sample_11","Зразок №11 (не налаштовано)","Sample #11 (not configured)","Зразок №11 (не налаштовано)","Зразок №11 (не налаштовано)","Зразок №11 (не налаштовано)","Зразок №11 (не налаштовано)","Зразок №11 (не налаштовано)","Зразок №11 (не налаштовано)","Зразок №11 (не налаштовано)","Зразок №11 (не налаштовано)","Зразок №11 (не налаштовано)","Зразок №11 (не налаштовано)","Зразок №11 (не налаштовано)","Зразок №11 (не налаштовано)",
"STR_OZL_sample_11_desc","Зразок, підготовлений до аналізу. Опис з'явиться, коли адміністратор опише цей тип у SampleTypes.json.","A sample prepared for analysis. Its description appears once an administrator defines this type in SampleTypes.json.","Зразок, підготовлений до аналізу. Опис з'явиться, коли адміністратор опише цей тип у SampleTypes.json.","Зразок, підготовлений до аналізу. Опис з'явиться, коли адміністратор опише цей тип у SampleTypes.json.","Зразок, підготовлений до аналізу. Опис з'явиться, коли адміністратор опише цей тип у SampleTypes.json.","Зразок, підготовлений до аналізу. Опис з'явиться, коли адміністратор опише цей тип у SampleTypes.json.","Зразок, підготовлений до аналізу. Опис з'явиться, коли адміністратор опише цей тип у SampleTypes.json.","Зразок, підготовлений до аналізу. Опис з'явиться, коли адміністратор опише цей тип у SampleTypes.json.","Зразок, підготовлений до аналізу. Опис з'явиться, коли адміністратор опише цей тип у SampleTypes.json.","Зразок, підготовлений до аналізу. Опис з'явиться, коли адміністратор опише цей тип у SampleTypes.json.","Зразок, підготовлений до аналізу. Опис з'явиться, коли адміністратор опише цей тип у SampleTypes.json.","Зразок, підготовлений до аналізу. Опис з'явиться, коли адміністратор опише цей тип у SampleTypes.json.","Зразок, підготовлений до аналізу. Опис з'явиться, коли адміністратор опише цей тип у SampleTypes.json.","Зразок, підготовлений до аналізу. Опис з'явиться, коли адміністратор опише цей тип у SampleTypes.json.",
"STR_OZL_sample_12","Зразок №12 (не налаштовано)","Sample #12 (not configured)","Зразок №12 (не налаштовано)","Зразок №12 (не налаштовано)","Зразок №12 (не налаштовано)","Зразок №12 (не налаштовано)","Зразок №12 (не налаштовано)","Зразок №12 (не налаштовано)","Зразок №12 (не налаштовано)","Зразок №12 (не налаштовано)","Зразок №12 (не налаштовано)","Зразок №12 (не налаштовано)","Зразок №12 (не налаштовано)","Зразок №12 (не налаштовано)",
"STR_OZL_sample_12_desc","Зразок, підготовлений до аналізу. Опис з'явиться, коли адміністратор опише цей тип у SampleTypes.json.","A sample prepared for analysis. Its description appears once an administrator defines this type in SampleTypes.json.","Зразок, підготовлений до аналізу. Опис з'явиться, коли адміністратор опише цей тип у SampleTypes.json.","Зразок, підготовлений до аналізу. Опис з'явиться, коли адміністратор опише цей тип у SampleTypes.json.","Зразок, підготовлений до аналізу. Опис з'явиться, коли адміністратор опише цей тип у SampleTypes.json.","Зразок, підготовлений до аналізу. Опис з'явиться, коли адміністратор опише цей тип у SampleTypes.json.","Зразок, підготовлений до аналізу. Опис з'явиться, коли адміністратор опише цей тип у SampleTypes.json.","Зразок, підготовлений до аналізу. Опис з'явиться, коли адміністратор опише цей тип у SampleTypes.json.","Зразок, підготовлений до аналізу. Опис з'явиться, коли адміністратор опише цей тип у SampleTypes.json.","Зразок, підготовлений до аналізу. Опис з'явиться, коли адміністратор опише цей тип у SampleTypes.json.","Зразок, підготовлений до аналізу. Опис з'явиться, коли адміністратор опише цей тип у SampleTypes.json.","Зразок, підготовлений до аналізу. Опис з'явиться, коли адміністратор опише цей тип у SampleTypes.json.","Зразок, підготовлений до аналізу. Опис з'явиться, коли адміністратор опише цей тип у SampleTypes.json.","Зразок, підготовлений до аналізу. Опис з'явиться, коли адміністратор опише цей тип у SampleTypes.json.",
"STR_OZL_sample_13","Зразок №13 (не налаштовано)","Sample #13 (not configured)","Зразок №13 (не налаштовано)","Зразок №13 (не налаштовано)","Зразок №13 (не налаштовано)","Зразок №13 (не налаштовано)","Зразок №13 (не налаштовано)","Зразок №13 (не налаштовано)","Зразок №13 (не налаштовано)","Зразок №13 (не налаштовано)","Зразок №13 (не налаштовано)","Зразок №13 (не налаштовано)","Зразок №13 (не налаштовано)","Зразок №13 (не налаштовано)",
"STR_OZL_sample_13_desc","Зразок, підготовлений до аналізу. Опис з'явиться, коли адміністратор опише цей тип у SampleTypes.json.","A sample prepared for analysis. Its description appears once an administrator defines this type in SampleTypes.json.","Зразок, підготовлений до аналізу. Опис з'явиться, коли адміністратор опише цей тип у SampleTypes.json.","Зразок, підготовлений до аналізу. Опис з'явиться, коли адміністратор опише цей тип у SampleTypes.json.","Зразок, підготовлений до аналізу. Опис з'явиться, коли адміністратор опише цей тип у SampleTypes.json.","Зразок, підготовлений до аналізу. Опис з'явиться, коли адміністратор опише цей тип у SampleTypes.json.","Зразок, підготовлений до аналізу. Опис з'явиться, коли адміністратор опише цей тип у SampleTypes.json.","Зразок, підготовлений до аналізу. Опис з'явиться, коли адміністратор опише цей тип у SampleTypes.json.","Зразок, підготовлений до аналізу. Опис з'явиться, коли адміністратор опише цей тип у SampleTypes.json.","Зразок, підготовлений до аналізу. Опис з'явиться, коли адміністратор опише цей тип у SampleTypes.json.","Зразок, підготовлений до аналізу. Опис з'явиться, коли адміністратор опише цей тип у SampleTypes.json.","Зразок, підготовлений до аналізу. Опис з'явиться, коли адміністратор опише цей тип у SampleTypes.json.","Зразок, підготовлений до аналізу. Опис з'явиться, коли адміністратор опише цей тип у SampleTypes.json.","Зразок, підготовлений до аналізу. Опис з'явиться, коли адміністратор опише цей тип у SampleTypes.json.",
"STR_OZL_sample_14","Зразок №14 (не налаштовано)","Sample #14 (not configured)","Зразок №14 (не налаштовано)","Зразок №14 (не налаштовано)","Зразок №14 (не налаштовано)","Зразок №14 (не налаштовано)","Зразок №14 (не налаштовано)","Зразок №14 (не налаштовано)","Зразок №14 (не налаштовано)","Зразок №14 (не налаштовано)","Зразок №14 (не налаштовано)","Зразок №14 (не налаштовано)","Зразок №14 (не налаштовано)","Зразок №14 (не налаштовано)",
"STR_OZL_sample_14_desc","Зразок, підготовлений до аналізу. Опис з'явиться, коли адміністратор опише цей тип у SampleTypes.json.","A sample prepared for analysis. Its description appears once an administrator defines this type in SampleTypes.json.","Зразок, підготовлений до аналізу. Опис з'явиться, коли адміністратор опише цей тип у SampleTypes.json.","Зразок, підготовлений до аналізу. Опис з'явиться, коли адміністратор опише цей тип у SampleTypes.json.","Зразок, підготовлений до аналізу. Опис з'явиться, коли адміністратор опише цей тип у SampleTypes.json.","Зразок, підготовлений до аналізу. Опис з'явиться, коли адміністратор опише цей тип у SampleTypes.json.","Зразок, підготовлений до аналізу. Опис з'явиться, коли адміністратор опише цей тип у SampleTypes.json.","Зразок, підготовлений до аналізу. Опис з'явиться, коли адміністратор опише цей тип у SampleTypes.json.","Зразок, підготовлений до аналізу. Опис з'явиться, коли адміністратор опише цей тип у SampleTypes.json.","Зразок, підготовлений до аналізу. Опис з'явиться, коли адміністратор опише цей тип у SampleTypes.json.","Зразок, підготовлений до аналізу. Опис з'явиться, коли адміністратор опише цей тип у SampleTypes.json.","Зразок, підготовлений до аналізу. Опис з'явиться, коли адміністратор опише цей тип у SampleTypes.json.","Зразок, підготовлений до аналізу. Опис з'явиться, коли адміністратор опише цей тип у SampleTypes.json.","Зразок, підготовлений до аналізу. Опис з'явиться, коли адміністратор опише цей тип у SampleTypes.json.",
"STR_OZL_sample_15","Зразок №15 (не налаштовано)","Sample #15 (not configured)","Зразок №15 (не налаштовано)","Зразок №15 (не налаштовано)","Зразок №15 (не налаштовано)","Зразок №15 (не налаштовано)","Зразок №15 (не налаштовано)","Зразок №15 (не налаштовано)","Зразок №15 (не налаштовано)","Зразок №15 (не налаштовано)","Зразок №15 (не налаштовано)","Зразок №15 (не налаштовано)","Зразок №15 (не налаштовано)","Зразок №15 (не налаштовано)",
"STR_OZL_sample_15_desc","Зразок, підготовлений до аналізу. Опис з'явиться, коли адміністратор опише цей тип у SampleTypes.json.","A sample prepared for analysis. Its description appears once an administrator defines this type in SampleTypes.json.","Зразок, підготовлений до аналізу. Опис з'явиться, коли адміністратор опише цей тип у SampleTypes.json.","Зразок, підготовлений до аналізу. Опис з'явиться, коли адміністратор опише цей тип у SampleTypes.json.","Зразок, підготовлений до аналізу. Опис з'явиться, коли адміністратор опише цей тип у SampleTypes.json.","Зразок, підготовлений до аналізу. Опис з'явиться, коли адміністратор опише цей тип у SampleTypes.json.","Зразок, підготовлений до аналізу. Опис з'явиться, коли адміністратор опише цей тип у SampleTypes.json.","Зразок, підготовлений до аналізу. Опис з'явиться, коли адміністратор опише цей тип у SampleTypes.json.","Зразок, підготовлений до аналізу. Опис з'явиться, коли адміністратор опише цей тип у SampleTypes.json.","Зразок, підготовлений до аналізу. Опис з'явиться, коли адміністратор опише цей тип у SampleTypes.json.","Зразок, підготовлений до аналізу. Опис з'явиться, коли адміністратор опише цей тип у SampleTypes.json.","Зразок, підготовлений до аналізу. Опис з'явиться, коли адміністратор опише цей тип у SampleTypes.json.","Зразок, підготовлений до аналізу. Опис з'явиться, коли адміністратор опише цей тип у SampleTypes.json.","Зразок, підготовлений до аналізу. Опис з'явиться, коли адміністратор опише цей тип у SampleTypes.json.",
"STR_OZL_sample_16","Зразок №16 (не налаштовано)","Sample #16 (not configured)","Зразок №16 (не налаштовано)","Зразок №16 (не налаштовано)","Зразок №16 (не налаштовано)","Зразок №16 (не налаштовано)","Зразок №16 (не налаштовано)","Зразок №16 (не налаштовано)","Зразок №16 (не налаштовано)","Зразок №16 (не налаштовано)","Зразок №16 (не налаштовано)","Зразок №16 (не налаштовано)","Зразок №16 (не налаштовано)","Зразок №16 (не налаштовано)",
"STR_OZL_sample_16_desc","Зразок, підготовлений до аналізу. Опис з'явиться, коли адміністратор опише цей тип у SampleTypes.json.","A sample prepared for analysis. Its description appears once an administrator defines this type in SampleTypes.json.","Зразок, підготовлений до аналізу. Опис з'явиться, коли адміністратор опише цей тип у SampleTypes.json.","Зразок, підготовлений до аналізу. Опис з'явиться, коли адміністратор опише цей тип у SampleTypes.json.","Зразок, підготовлений до аналізу. Опис з'явиться, коли адміністратор опише цей тип у SampleTypes.json.","Зразок, підготовлений до аналізу. Опис з'явиться, коли адміністратор опише цей тип у SampleTypes.json.","Зразок, підготовлений до аналізу. Опис з'явиться, коли адміністратор опише цей тип у SampleTypes.json.","Зразок, підготовлений до аналізу. Опис з'явиться, коли адміністратор опише цей тип у SampleTypes.json.","Зразок, підготовлений до аналізу. Опис з'явиться, коли адміністратор опише цей тип у SampleTypes.json.","Зразок, підготовлений до аналізу. Опис з'явиться, коли адміністратор опише цей тип у SampleTypes.json.","Зразок, підготовлений до аналізу. Опис з'явиться, коли адміністратор опише цей тип у SampleTypes.json.","Зразок, підготовлений до аналізу. Опис з'явиться, коли адміністратор опише цей тип у SampleTypes.json.","Зразок, підготовлений до аналізу. Опис з'явиться, коли адміністратор опише цей тип у SampleTypes.json.","Зразок, підготовлений до аналізу. Опис з'явиться, коли адміністратор опише цей тип у SampleTypes.json.",
"STR_OZL_sample_17","Зразок №17 (не налаштовано)","Sample #17 (not configured)","Зразок №17 (не налаштовано)","Зразок №17 (не налаштовано)","Зразок №17 (не налаштовано)","Зразок №17 (не налаштовано)","Зразок №17 (не налаштовано)","Зразок №17 (не налаштовано)","Зразок №17 (не налаштовано)","Зразок №17 (не налаштовано)","Зразок №17 (не налаштовано)","Зразок №17 (не налаштовано)","Зразок №17 (не налаштовано)","Зразок №17 (не налаштовано)",
"STR_OZL_sample_17_desc","Зразок, підготовлений до аналізу. Опис з'явиться, коли адміністратор опише цей тип у SampleTypes.json.","A sample prepared for analysis. Its description appears once an administrator defines this type in SampleTypes.json.","Зразок, підготовлений до аналізу. Опис з'явиться, коли адміністратор опише цей тип у SampleTypes.json.","Зразок, підготовлений до аналізу. Опис з'явиться, коли адміністратор опише цей тип у SampleTypes.json.","Зразок, підготовлений до аналізу. Опис з'явиться, коли адміністратор опише цей тип у SampleTypes.json.","Зразок, підготовлений до аналізу. Опис з'явиться, коли адміністратор опише цей тип у SampleTypes.json.","Зразок, підготовлений до аналізу. Опис з'явиться, коли адміністратор опише цей тип у SampleTypes.json.","Зразок, підготовлений до аналізу. Опис з'явиться, коли адміністратор опише цей тип у SampleTypes.json.","Зразок, підготовлений до аналізу. Опис з'явиться, коли адміністратор опише цей тип у SampleTypes.json.","Зразок, підготовлений до аналізу. Опис з'явиться, коли адміністратор опише цей тип у SampleTypes.json.","Зразок, підготовлений до аналізу. Опис з'явиться, коли адміністратор опише цей тип у SampleTypes.json.","Зразок, підготовлений до аналізу. Опис з'явиться, коли адміністратор опише цей тип у SampleTypes.json.","Зразок, підготовлений до аналізу. Опис з'явиться, коли адміністратор опише цей тип у SampleTypes.json.","Зразок, підготовлений до аналізу. Опис з'явиться, коли адміністратор опише цей тип у SampleTypes.json.",
"STR_OZL_sample_18","Зразок №18 (не налаштовано)","Sample #18 (not configured)","Зразок №18 (не налаштовано)","Зразок №18 (не налаштовано)","Зразок №18 (не налаштовано)","Зразок №18 (не налаштовано)","Зразок №18 (не налаштовано)","Зразок №18 (не налаштовано)","Зразок №18 (не налаштовано)","Зразок №18 (не налаштовано)","Зразок №18 (не налаштовано)","Зразок №18 (не налаштовано)","Зразок №18 (не налаштовано)","Зразок №18 (не налаштовано)",
"STR_OZL_sample_18_desc","Зразок, підготовлений до аналізу. Опис з'явиться, коли адміністратор опише цей тип у SampleTypes.json.","A sample prepared for analysis. Its description appears once an administrator defines this type in SampleTypes.json.","Зразок, підготовлений до аналізу. Опис з'явиться, коли адміністратор опише цей тип у SampleTypes.json.","Зразок, підготовлений до аналізу. Опис з'явиться, коли адміністратор опише цей тип у SampleTypes.json.","Зразок, підготовлений до аналізу. Опис з'явиться, коли адміністратор опише цей тип у SampleTypes.json.","Зразок, підготовлений до аналізу. Опис з'явиться, коли адміністратор опише цей тип у SampleTypes.json.","Зразок, підготовлений до аналізу. Опис з'явиться, коли адміністратор опише цей тип у SampleTypes.json.","Зразок, підготовлений до аналізу. Опис з'явиться, коли адміністратор опише цей тип у SampleTypes.json.","Зразок, підготовлений до аналізу. Опис з'явиться, коли адміністратор опише цей тип у SampleTypes.json.","Зразок, підготовлений до аналізу. Опис з'явиться, коли адміністратор опише цей тип у SampleTypes.json.","Зразок, підготовлений до аналізу. Опис з'явиться, коли адміністратор опише цей тип у SampleTypes.json.","Зразок, підготовлений до аналізу. Опис з'явиться, коли адміністратор опише цей тип у SampleTypes.json.","Зразок, підготовлений до аналізу. Опис з'явиться, коли адміністратор опише цей тип у SampleTypes.json.","Зразок, підготовлений до аналізу. Опис з'явиться, коли адміністратор опише цей тип у SampleTypes.json.",
"STR_OZL_sample_19","Зразок №19 (не налаштовано)","Sample #19 (not configured)","Зразок №19 (не налаштовано)","Зразок №19 (не налаштовано)","Зразок №19 (не налаштовано)","Зразок №19 (не налаштовано)","Зразок №19 (не налаштовано)","Зразок №19 (не налаштовано)","Зразок №19 (не налаштовано)","Зразок №19 (не налаштовано)","Зразок №19 (не налаштовано)","Зразок №19 (не налаштовано)","Зразок №19 (не налаштовано)","Зразок №19 (не налаштовано)",
"STR_OZL_sample_19_desc","Зразок, підготовлений до аналізу. Опис з'явиться, коли адміністратор опише цей тип у SampleTypes.json.","A sample prepared for analysis. Its description appears once an administrator defines this type in SampleTypes.json.","Зразок, підготовлений до аналізу. Опис з'явиться, коли адміністратор опише цей тип у SampleTypes.json.","Зразок, підготовлений до аналізу. Опис з'явиться, коли адміністратор опише цей тип у SampleTypes.json.","Зразок, підготовлений до аналізу. Опис з'явиться, коли адміністратор опише цей тип у SampleTypes.json.","Зразок, підготовлений до аналізу. Опис з'явиться, коли адміністратор опише цей тип у SampleTypes.json.","Зразок, підготовлений до аналізу. Опис з'явиться, коли адміністратор опише цей тип у SampleTypes.json.","Зразок, підготовлений до аналізу. Опис з'явиться, коли адміністратор опише цей тип у SampleTypes.json.","Зразок, підготовлений до аналізу. Опис з'явиться, коли адміністратор опише цей тип у SampleTypes.json.","Зразок, підготовлений до аналізу. Опис з'явиться, коли адміністратор опише цей тип у SampleTypes.json.","Зразок, підготовлений до аналізу. Опис з'явиться, коли адміністратор опише цей тип у SampleTypes.json.","Зразок, підготовлений до аналізу. Опис з'явиться, коли адміністратор опише цей тип у SampleTypes.json.","Зразок, підготовлений до аналізу. Опис з'явиться, коли адміністратор опише цей тип у SampleTypes.json.","Зразок, підготовлений до аналізу. Опис з'явиться, коли адміністратор опише цей тип у SampleTypes.json.",
"STR_OZL_sample_20","Зразок №20 (не налаштовано)","Sample #20 (not configured)","Зразок №20 (не налаштовано)","Зразок №20 (не налаштовано)","Зразок №20 (не налаштовано)","Зразок №20 (не налаштовано)","Зразок №20 (не налаштовано)","Зразок №20 (не налаштовано)","Зразок №20 (не налаштовано)","Зразок №20 (не налаштовано)","Зразок №20 (не налаштовано)","Зразок №20 (не налаштовано)","Зразок №20 (не налаштовано)","Зразок №20 (не налаштовано)",
"STR_OZL_sample_20_desc","Зразок, підготовлений до аналізу. Опис з'явиться, коли адміністратор опише цей тип у SampleTypes.json.","A sample prepared for analysis. Its description appears once an administrator defines this type in SampleTypes.json.","Зразок, підготовлений до аналізу. Опис з'явиться, коли адміністратор опише цей тип у SampleTypes.json.","Зразок, підготовлений до аналізу. Опис з'явиться, коли адміністратор опише цей тип у SampleTypes.json.","Зразок, підготовлений до аналізу. Опис з'явиться, коли адміністратор опише цей тип у SampleTypes.json.","Зразок, підготовлений до аналізу. Опис з'явиться, коли адміністратор опише цей тип у SampleTypes.json.","Зразок, підготовлений до аналізу. Опис з'явиться, коли адміністратор опише цей тип у SampleTypes.json.","Зразок, підготовлений до аналізу. Опис з'явиться, коли адміністратор опише цей тип у SampleTypes.json.","Зразок, підготовлений до аналізу. Опис з'явиться, коли адміністратор опише цей тип у SampleTypes.json.","Зразок, підготовлений до аналізу. Опис з'явиться, коли адміністратор опише цей тип у SampleTypes.json.","Зразок, підготовлений до аналізу. Опис з'явиться, коли адміністратор опише цей тип у SampleTypes.json.","Зразок, підготовлений до аналізу. Опис з'явиться, коли адміністратор опише цей тип у SampleTypes.json.","Зразок, підготовлений до аналізу. Опис з'явиться, коли адміністратор опише цей тип у SampleTypes.json.","Зразок, підготовлений до аналізу. Опис з'явиться, коли адміністратор опише цей тип у SampleTypes.json.",
"STR_OZL_sample_21","Зразок №21 (не налаштовано)","Sample #21 (not configured)","Зразок №21 (не налаштовано)","Зразок №21 (не налаштовано)","Зразок №21 (не налаштовано)","Зразок №21 (не налаштовано)","Зразок №21 (не налаштовано)","Зразок №21 (не налаштовано)","Зразок №21 (не налаштовано)","Зразок №21 (не налаштовано)","Зразок №21 (не налаштовано)","Зразок №21 (не налаштовано)","Зразок №21 (не налаштовано)","Зразок №21 (не налаштовано)",
"STR_OZL_sample_21_desc","Зразок, підготовлений до аналізу. Опис з'явиться, коли адміністратор опише цей тип у SampleTypes.json.","A sample prepared for analysis. Its description appears once an administrator defines this type in SampleTypes.json.","Зразок, підготовлений до аналізу. Опис з'явиться, коли адміністратор опише цей тип у SampleTypes.json.","Зразок, підготовлений до аналізу. Опис з'явиться, коли адміністратор опише цей тип у SampleTypes.json.","Зразок, підготовлений до аналізу. Опис з'явиться, коли адміністратор опише цей тип у SampleTypes.json.","Зразок, підготовлений до аналізу. Опис з'явиться, коли адміністратор опише цей тип у SampleTypes.json.","Зразок, підготовлений до аналізу. Опис з'явиться, коли адміністратор опише цей тип у SampleTypes.json.","Зразок, підготовлений до аналізу. Опис з'явиться, коли адміністратор опише цей тип у SampleTypes.json.","Зразок, підготовлений до аналізу. Опис з'явиться, коли адміністратор опише цей тип у SampleTypes.json.","Зразок, підготовлений до аналізу. Опис з'явиться, коли адміністратор опише цей тип у SampleTypes.json.","Зразок, підготовлений до аналізу. Опис з'явиться, коли адміністратор опише цей тип у SampleTypes.json.","Зразок, підготовлений до аналізу. Опис з'явиться, коли адміністратор опише цей тип у SampleTypes.json.","Зразок, підготовлений до аналізу. Опис з'явиться, коли адміністратор опише цей тип у SampleTypes.json.","Зразок, підготовлений до аналізу. Опис з'явиться, коли адміністратор опише цей тип у SampleTypes.json.",
"STR_OZL_sample_22","Зразок №22 (не налаштовано)","Sample #22 (not configured)","Зразок №22 (не налаштовано)","Зразок №22 (не налаштовано)","Зразок №22 (не налаштовано)","Зразок №22 (не налаштовано)","Зразок №22 (не налаштовано)","Зразок №22 (не налаштовано)","Зразок №22 (не налаштовано)","Зразок №22 (не налаштовано)","Зразок №22 (не налаштовано)","Зразок №22 (не налаштовано)","Зразок №22 (не налаштовано)","Зразок №22 (не налаштовано)",
"STR_OZL_sample_22_desc","Зразок, підготовлений до аналізу. Опис з'явиться, коли адміністратор опише цей тип у SampleTypes.json.","A sample prepared for analysis. Its description appears once an administrator defines this type in SampleTypes.json.","Зразок, підготовлений до аналізу. Опис з'явиться, коли адміністратор опише цей тип у SampleTypes.json.","Зразок, підготовлений до аналізу. Опис з'явиться, коли адміністратор опише цей тип у SampleTypes.json.","Зразок, підготовлений до аналізу. Опис з'явиться, коли адміністратор опише цей тип у SampleTypes.json.","Зразок, підготовлений до аналізу. Опис з'явиться, коли адміністратор опише цей тип у SampleTypes.json.","Зразок, підготовлений до аналізу. Опис з'явиться, коли адміністратор опише цей тип у SampleTypes.json.","Зразок, підготовлений до аналізу. Опис з'явиться, коли адміністратор опише цей тип у SampleTypes.json.","Зразок, підготовлений до аналізу. Опис з'явиться, коли адміністратор опише цей тип у SampleTypes.json.","Зразок, підготовлений до аналізу. Опис з'явиться, коли адміністратор опише цей тип у SampleTypes.json.","Зразок, підготовлений до аналізу. Опис з'явиться, коли адміністратор опише цей тип у SampleTypes.json.","Зразок, підготовлений до аналізу. Опис з'явиться, коли адміністратор опише цей тип у SampleTypes.json.","Зразок, підготовлений до аналізу. Опис з'явиться, коли адміністратор опише цей тип у SampleTypes.json.","Зразок, підготовлений до аналізу. Опис з'явиться, коли адміністратор опише цей тип у SampleTypes.json.",
"STR_OZL_sample_23","Зразок №23 (не налаштовано)","Sample #23 (not configured)","Зразок №23 (не налаштовано)","Зразок №23 (не налаштовано)","Зразок №23 (не налаштовано)","Зразок №23 (не налаштовано)","Зразок №23 (не налаштовано)","Зразок №23 (не налаштовано)","Зразок №23 (не налаштовано)","Зразок №23 (не налаштовано)","Зразок №23 (не налаштовано)","Зразок №23 (не налаштовано)","Зразок №23 (не налаштовано)","Зразок №23 (не налаштовано)",
"STR_OZL_sample_23_desc","Зразок, підготовлений до аналізу. Опис з'явиться, коли адміністратор опише цей тип у SampleTypes.json.","A sample prepared for analysis. Its description appears once an administrator defines this type in SampleTypes.json.","Зразок, підготовлений до аналізу. Опис з'явиться, коли адміністратор опише цей тип у SampleTypes.json.","Зразок, підготовлений до аналізу. Опис з'явиться, коли адміністратор опише цей тип у SampleTypes.json.","Зразок, підготовлений до аналізу. Опис з'явиться, коли адміністратор опише цей тип у SampleTypes.json.","Зразок, підготовлений до аналізу. Опис з'явиться, коли адміністратор опише цей тип у SampleTypes.json.","Зразок, підготовлений до аналізу. Опис з'явиться, коли адміністратор опише цей тип у SampleTypes.json.","Зразок, підготовлений до аналізу. Опис з'явиться, коли адміністратор опише цей тип у SampleTypes.json.","Зразок, підготовлений до аналізу. Опис з'явиться, коли адміністратор опише цей тип у SampleTypes.json.","Зразок, підготовлений до аналізу. Опис з'явиться, коли адміністратор опише цей тип у SampleTypes.json.","Зразок, підготовлений до аналізу. Опис з'явиться, коли адміністратор опише цей тип у SampleTypes.json.","Зразок, підготовлений до аналізу. Опис з'явиться, коли адміністратор опише цей тип у SampleTypes.json.","Зразок, підготовлений до аналізу. Опис з'явиться, коли адміністратор опише цей тип у SampleTypes.json.","Зразок, підготовлений до аналізу. Опис з'явиться, коли адміністратор опише цей тип у SampleTypes.json.",
"STR_OZL_sample_24","Зразок №24 (не налаштовано)","Sample #24 (not configured)","Зразок №24 (не налаштовано)","Зразок №24 (не налаштовано)","Зразок №24 (не налаштовано)","Зразок №24 (не налаштовано)","Зразок №24 (не налаштовано)","Зразок №24 (не налаштовано)","Зразок №24 (не налаштовано)","Зразок №24 (не налаштовано)","Зразок №24 (не налаштовано)","Зразок №24 (не налаштовано)","Зразок №24 (не налаштовано)","Зразок №24 (не налаштовано)",
"STR_OZL_sample_24_desc","Зразок, підготовлений до аналізу. Опис з'явиться, коли адміністратор опише цей тип у SampleTypes.json.","A sample prepared for analysis. Its description appears once an administrator defines this type in SampleTypes.json.","Зразок, підготовлений до аналізу. Опис з'явиться, коли адміністратор опише цей тип у SampleTypes.json.","Зразок, підготовлений до аналізу. Опис з'явиться, коли адміністратор опише цей тип у SampleTypes.json.","Зразок, підготовлений до аналізу. Опис з'явиться, коли адміністратор опише цей тип у SampleTypes.json.","Зразок, підготовлений до аналізу. Опис з'явиться, коли адміністратор опише цей тип у SampleTypes.json.","Зразок, підготовлений до аналізу. Опис з'явиться, коли адміністратор опише цей тип у SampleTypes.json.","Зразок, підготовлений до аналізу. Опис з'явиться, коли адміністратор опише цей тип у SampleTypes.json.","Зразок, підготовлений до аналізу. Опис з'явиться, коли адміністратор опише цей тип у SampleTypes.json.","Зразок, підготовлений до аналізу. Опис з'явиться, коли адміністратор опише цей тип у SampleTypes.json.","Зразок, підготовлений до аналізу. Опис з'явиться, коли адміністратор опише цей тип у SampleTypes.json.","Зразок, підготовлений до аналізу. Опис з'явиться, коли адміністратор опише цей тип у SampleTypes.json.","Зразок, підготовлений до аналізу. Опис з'явиться, коли адміністратор опише цей тип у SampleTypes.json.","Зразок, підготовлений до аналізу. Опис з'явиться, коли адміністратор опише цей тип у SampleTypes.json.",
"STR_OZL_sample_25","Зразок №25 (не налаштовано)","Sample #25 (not configured)","Зразок №25 (не налаштовано)","Зразок №25 (не налаштовано)","Зразок №25 (не налаштовано)","Зразок №25 (не налаштовано)","Зразок №25 (не налаштовано)","Зразок №25 (не налаштовано)","Зразок №25 (не налаштовано)","Зразок №25 (не налаштовано)","Зразок №25 (не налаштовано)","Зразок №25 (не налаштовано)","Зразок №25 (не налаштовано)","Зразок №25 (не налаштовано)",
"STR_OZL_sample_25_desc","Зразок, підготовлений до аналізу. Опис з'явиться, коли адміністратор опише цей тип у SampleTypes.json.","A sample prepared for analysis. Its description appears once an administrator defines this type in SampleTypes.json.","Зразок, підготовлений до аналізу. Опис з'явиться, коли адміністратор опише цей тип у SampleTypes.json.","Зразок, підготовлений до аналізу. Опис з'явиться, коли адміністратор опише цей тип у SampleTypes.json.","Зразок, підготовлений до аналізу. Опис з'явиться, коли адміністратор опише цей тип у SampleTypes.json.","Зразок, підготовлений до аналізу. Опис з'явиться, коли адміністратор опише цей тип у SampleTypes.json.","Зразок, підготовлений до аналізу. Опис з'явиться, коли адміністратор опише цей тип у SampleTypes.json.","Зразок, підготовлений до аналізу. Опис з'явиться, коли адміністратор опише цей тип у SampleTypes.json.","Зразок, підготовлений до аналізу. Опис з'явиться, коли адміністратор опише цей тип у SampleTypes.json.","Зразок, підготовлений до аналізу. Опис з'явиться, коли адміністратор опише цей тип у SampleTypes.json.","Зразок, підготовлений до аналізу. Опис з'явиться, коли адміністратор опише цей тип у SampleTypes.json.","Зразок, підготовлений до аналізу. Опис з'явиться, коли адміністратор опише цей тип у SampleTypes.json.","Зразок, підготовлений до аналізу. Опис з'явиться, коли адміністратор опише цей тип у SampleTypes.json.","Зразок, підготовлений до аналізу. Опис з'явиться, коли адміністратор опише цей тип у SampleTypes.json.",
"STR_OZL_sample_26","Зразок №26 (не налаштовано)","Sample #26 (not configured)","Зразок №26 (не налаштовано)","Зразок №26 (не налаштовано)","Зразок №26 (не налаштовано)","Зразок №26 (не налаштовано)","Зразок №26 (не налаштовано)","Зразок №26 (не налаштовано)","Зразок №26 (не налаштовано)","Зразок №26 (не налаштовано)","Зразок №26 (не налаштовано)","Зразок №26 (не налаштовано)","Зразок №26 (не налаштовано)","Зразок №26 (не налаштовано)",
"STR_OZL_sample_26_desc","Зразок, підготовлений до аналізу. Опис з'явиться, коли адміністратор опише цей тип у SampleTypes.json.","A sample prepared for analysis. Its description appears once an administrator defines this type in SampleTypes.json.","Зразок, підготовлений до аналізу. Опис з'явиться, коли адміністратор опише цей тип у SampleTypes.json.","Зразок, підготовлений до аналізу. Опис з'явиться, коли адміністратор опише цей тип у SampleTypes.json.","Зразок, підготовлений до аналізу. Опис з'явиться, коли адміністратор опише цей тип у SampleTypes.json.","Зразок, підготовлений до аналізу. Опис з'явиться, коли адміністратор опише цей тип у SampleTypes.json.","Зразок, підготовлений до аналізу. Опис з'явиться, коли адміністратор опише цей тип у SampleTypes.json.","Зразок, підготовлений до аналізу. Опис з'явиться, коли адміністратор опише цей тип у SampleTypes.json.","Зразок, підготовлений до аналізу. Опис з'явиться, коли адміністратор опише цей тип у SampleTypes.json.","Зразок, підготовлений до аналізу. Опис з'явиться, коли адміністратор опише цей тип у SampleTypes.json.","Зразок, підготовлений до аналізу. Опис з'явиться, коли адміністратор опише цей тип у SampleTypes.json.","Зразок, підготовлений до аналізу. Опис з'явиться, коли адміністратор опише цей тип у SampleTypes.json.","Зразок, підготовлений до аналізу. Опис з'явиться, коли адміністратор опише цей тип у SampleTypes.json.","Зразок, підготовлений до аналізу. Опис з'явиться, коли адміністратор опише цей тип у SampleTypes.json.",
"STR_OZL_sample_27","Зразок №27 (не налаштовано)","Sample #27 (not configured)","Зразок №27 (не налаштовано)","Зразок №27 (не налаштовано)","Зразок №27 (не налаштовано)","Зразок №27 (не налаштовано)","Зразок №27 (не налаштовано)","Зразок №27 (не налаштовано)","Зразок №27 (не налаштовано)","Зразок №27 (не налаштовано)","Зразок №27 (не налаштовано)","Зразок №27 (не налаштовано)","Зразок №27 (не налаштовано)","Зразок №27 (не налаштовано)",
"STR_OZL_sample_27_desc","Зразок, підготовлений до аналізу. Опис з'явиться, коли адміністратор опише цей тип у SampleTypes.json.","A sample prepared for analysis. Its description appears once an administrator defines this type in SampleTypes.json.","Зразок, підготовлений до аналізу. Опис з'явиться, коли адміністратор опише цей тип у SampleTypes.json.","Зразок, підготовлений до аналізу. Опис з'явиться, коли адміністратор опише цей тип у SampleTypes.json.","Зразок, підготовлений до аналізу. Опис з'явиться, коли адміністратор опише цей тип у SampleTypes.json.","Зразок, підготовлений до аналізу. Опис з'явиться, коли адміністратор опише цей тип у SampleTypes.json.","Зразок, підготовлений до аналізу. Опис з'явиться, коли адміністратор опише цей тип у SampleTypes.json.","Зразок, підготовлений до аналізу. Опис з'явиться, коли адміністратор опише цей тип у SampleTypes.json.","Зразок, підготовлений до аналізу. Опис з'явиться, коли адміністратор опише цей тип у SampleTypes.json.","Зразок, підготовлений до аналізу. Опис з'явиться, коли адміністратор опише цей тип у SampleTypes.json.","Зразок, підготовлений до аналізу. Опис з'явиться, коли адміністратор опише цей тип у SampleTypes.json.","Зразок, підготовлений до аналізу. Опис з'явиться, коли адміністратор опише цей тип у SampleTypes.json.","Зразок, підготовлений до аналізу. Опис з'явиться, коли адміністратор опише цей тип у SampleTypes.json.","Зразок, підготовлений до аналізу. Опис з'явиться, коли адміністратор опише цей тип у SampleTypes.json.",
"STR_OZL_sample_28","Зразок №28 (не налаштовано)","Sample #28 (not configured)","Зразок №28 (не налаштовано)","Зразок №28 (не налаштовано)","Зразок №28 (не налаштовано)","Зразок №28 (не налаштовано)","Зразок №28 (не налаштовано)","Зразок №28 (не налаштовано)","Зразок №28 (не налаштовано)","Зразок №28 (не налаштовано)","Зразок №28 (не налаштовано)","Зразок №28 (не налаштовано)","Зразок №28 (не налаштовано)","Зразок №28 (не налаштовано)",
"STR_OZL_sample_28_desc","Зразок, підготовлений до аналізу. Опис з'явиться, коли адміністратор опише цей тип у SampleTypes.json.","A sample prepared for analysis. Its description appears once an administrator defines this type in SampleTypes.json.","Зразок, підготовлений до аналізу. Опис з'явиться, коли адміністратор опише цей тип у SampleTypes.json.","Зразок, підготовлений до аналізу. Опис з'явиться, коли адміністратор опише цей тип у SampleTypes.json.","Зразок, підготовлений до аналізу. Опис з'явиться, коли адміністратор опише цей тип у SampleTypes.json.","Зразок, підготовлений до аналізу. Опис з'явиться, коли адміністратор опише цей тип у SampleTypes.json.","Зразок, підготовлений до аналізу. Опис з'явиться, коли адміністратор опише цей тип у SampleTypes.json.","Зразок, підготовлений до аналізу. Опис з'явиться, коли адміністратор опише цей тип у SampleTypes.json.","Зразок, підготовлений до аналізу. Опис з'явиться, коли адміністратор опише цей тип у SampleTypes.json.","Зразок, підготовлений до аналізу. Опис з'явиться, коли адміністратор опише цей тип у SampleTypes.json.","Зразок, підготовлений до аналізу. Опис з'явиться, коли адміністратор опише цей тип у SampleTypes.json.","Зразок, підготовлений до аналізу. Опис з'явиться, коли адміністратор опише цей тип у SampleTypes.json.","Зразок, підготовлений до аналізу. Опис з'явиться, коли адміністратор опише цей тип у SampleTypes.json.","Зразок, підготовлений до аналізу. Опис з'явиться, коли адміністратор опише цей тип у SampleTypes.json.",
"STR_OZL_sample_29","Зразок №29 (не налаштовано)","Sample #29 (not configured)","Зразок №29 (не налаштовано)","Зразок №29 (не налаштовано)","Зразок №29 (не налаштовано)","Зразок №29 (не налаштовано)","Зразок №29 (не налаштовано)","Зразок №29 (не налаштовано)","Зразок №29 (не налаштовано)","Зразок №29 (не налаштовано)","Зразок №29 (не налаштовано)","Зразок №29 (не налаштовано)","Зразок №29 (не налаштовано)","Зразок №29 (не налаштовано)",
"STR_OZL_sample_29_desc","Зразок, підготовлений до аналізу. Опис з'явиться, коли адміністратор опише цей тип у SampleTypes.json.","A sample prepared for analysis. Its description appears once an administrator defines this type in SampleTypes.json.","Зразок, підготовлений до аналізу. Опис з'явиться, коли адміністратор опише цей тип у SampleTypes.json.","Зразок, підготовлений до аналізу. Опис з'явиться, коли адміністратор опише цей тип у SampleTypes.json.","Зразок, підготовлений до аналізу. Опис з'явиться, коли адміністратор опише цей тип у SampleTypes.json.","Зразок, підготовлений до аналізу. Опис з'явиться, коли адміністратор опише цей тип у SampleTypes.json.","Зразок, підготовлений до аналізу. Опис з'явиться, коли адміністратор опише цей тип у SampleTypes.json.","Зразок, підготовлений до аналізу. Опис з'явиться, коли адміністратор опише цей тип у SampleTypes.json.","Зразок, підготовлений до аналізу. Опис з'явиться, коли адміністратор опише цей тип у SampleTypes.json.","Зразок, підготовлений до аналізу. Опис з'явиться, коли адміністратор опише цей тип у SampleTypes.json.","Зразок, підготовлений до аналізу. Опис з'явиться, коли адміністратор опише цей тип у SampleTypes.json.","Зразок, підготовлений до аналізу. Опис з'явиться, коли адміністратор опише цей тип у SampleTypes.json.","Зразок, підготовлений до аналізу. Опис з'явиться, коли адміністратор опише цей тип у SampleTypes.json.","Зразок, підготовлений до аналізу. Опис з'явиться, коли адміністратор опише цей тип у SampleTypes.json.",
"STR_OZL_sample_30","Зразок №30 (не налаштовано)","Sample #30 (not configured)","Зразок №30 (не налаштовано)","Зразок №30 (не налаштовано)","Зразок №30 (не налаштовано)","Зразок №30 (не налаштовано)","Зразок №30 (не налаштовано)","Зразок №30 (не налаштовано)","Зразок №30 (не налаштовано)","Зразок №30 (не налаштовано)","Зразок №30 (не налаштовано)","Зразок №30 (не налаштовано)","Зразок №30 (не налаштовано)","Зразок №30 (не налаштовано)",
"STR_OZL_sample_30_desc","Зразок, підготовлений до аналізу. Опис з'явиться, коли адміністратор опише цей тип у SampleTypes.json.","A sample prepared for analysis. Its description appears once an administrator defines this type in SampleTypes.json.","Зразок, підготовлений до аналізу. Опис з'явиться, коли адміністратор опише цей тип у SampleTypes.json.","Зразок, підготовлений до аналізу. Опис з'явиться, коли адміністратор опише цей тип у SampleTypes.json.","Зразок, підготовлений до аналізу. Опис з'явиться, коли адміністратор опише цей тип у SampleTypes.json.","Зразок, підготовлений до аналізу. Опис з'явиться, коли адміністратор опише цей тип у SampleTypes.json.","Зразок, підготовлений до аналізу. Опис з'явиться, коли адміністратор опише цей тип у SampleTypes.json.","Зразок, підготовлений до аналізу. Опис з'явиться, коли адміністратор опише цей тип у SampleTypes.json.","Зразок, підготовлений до аналізу. Опис з'явиться, коли адміністратор опише цей тип у SampleTypes.json.","Зразок, підготовлений до аналізу. Опис з'явиться, коли адміністратор опише цей тип у SampleTypes.json.","Зразок, підготовлений до аналізу. Опис з'явиться, коли адміністратор опише цей тип у SampleTypes.json.","Зразок, підготовлений до аналізу. Опис з'явиться, коли адміністратор опише цей тип у SampleTypes.json.","Зразок, підготовлений до аналізу. Опис з'явиться, коли адміністратор опише цей тип у SampleTypes.json.","Зразок, підготовлений до аналізу. Опис з'явиться, коли адміністратор опише цей тип у SampleTypes.json.",
"STR_OZL_carrier_unknown","Дані (носій)","Дані (носій)","Дані (носій)","Дані (носій)","Дані (носій)","Дані (носій)","Дані (носій)","Дані (носій)","Дані (носій)","Дані (носій)","Дані (носій)","Дані (носій)","Дані (носій)","Дані (носій)",
"STR_OZL_carrier_science","Наукові дані","Наукові дані","Наукові дані","Наукові дані","Наукові дані","Наукові дані","Наукові дані","Наукові дані","Наукові дані","Наукові дані","Наукові дані","Наукові дані","Наукові дані","Наукові дані",
"STR_OZL_carrier_combat","Бойові дані","Бойові дані","Бойові дані","Бойові дані","Бойові дані","Бойові дані","Бойові дані","Бойові дані","Бойові дані","Бойові дані","Бойові дані","Бойові дані","Бойові дані","Бойові дані",
"STR_OZL_carrier_stalker","Сталкерські дані","Сталкерські дані","Сталкерські дані","Сталкерські дані","Сталкерські дані","Сталкерські дані","Сталкерські дані","Сталкерські дані","Сталкерські дані","Сталкерські дані","Сталкерські дані","Сталкерські дані","Сталкерські дані","Сталкерські дані",
"STR_OZL_carrier_desc","Носій результатів дослідження. Що саме записано і скільки воно варте, покаже лише термінал вашої фракції: коротке натискання — визначити, утримання — здати.","Носій результатів дослідження. Що саме записано і скільки воно варте, покаже лише термінал вашої фракції: коротке натискання — визначити, утримання — здати.","Носій результатів дослідження. Що саме записано і скільки воно варте, покаже лише термінал вашої фракції: коротке натискання — визначити, утримання — здати.","Носій результатів дослідження. Що саме записано і скільки воно варте, покаже лише термінал вашої фракції: коротке натискання — визначити, утримання — здати.","Носій результатів дослідження. Що саме записано і скільки воно варте, покаже лише термінал вашої фракції: коротке натискання — визначити, утримання — здати.","Носій результатів дослідження. Що саме записано і скільки воно варте, покаже лише термінал вашої фракції: коротке натискання — визначити, утримання — здати.","Носій результатів дослідження. Що саме записано і скільки воно варте, покаже лише термінал вашої фракції: коротке натискання — визначити, утримання — здати.","Носій результатів дослідження. Що саме записано і скільки воно варте, покаже лише термінал вашої фракції: коротке натискання — визначити, утримання — здати.","Носій результатів дослідження. Що саме записано і скільки воно варте, покаже лише термінал вашої фракції: коротке натискання — визначити, утримання — здати.","Носій результатів дослідження. Що саме записано і скільки воно варте, покаже лише термінал вашої фракції: коротке натискання — визначити, утримання — здати.","Носій результатів дослідження. Що саме записано і скільки воно варте, покаже лише термінал вашої фракції: коротке натискання — визначити, утримання — здати.","Носій результатів дослідження. Що саме записано і скільки воно варте, покаже лише термінал вашої фракції: коротке натискання — визначити, утримання — здати.","Носій результатів дослідження. Що саме записано і скільки воно варте, покаже лише термінал вашої фракції: коротке натискання — визначити, утримання — здати.","Носій результатів дослідження. Що саме записано і скільки воно варте, покаже лише термінал вашої фракції: коротке натискання — визначити, утримання — здати.",
"STR_OZL_bnd_pack_khabar","Свинцевий ящик для хабару (Бандити)","Свинцевий ящик для хабару (Бандити)","Свинцевий ящик для хабару (Бандити)","Свинцевий ящик для хабару (Бандити)","Свинцевий ящик для хабару (Бандити)","Свинцевий ящик для хабару (Бандити)","Свинцевий ящик для хабару (Бандити)","Свинцевий ящик для хабару (Бандити)","Свинцевий ящик для хабару (Бандити)","Свинцевий ящик для хабару (Бандити)","Свинцевий ящик для хабару (Бандити)","Свинцевий ящик для хабару (Бандити)","Свинцевий ящик для хабару (Бандити)","Свинцевий ящик для хабару (Бандити)",
"STR_OZL_bnd_pack_khabar_desc","Обшитий свинцем магазинний ларь: артефакти лежать тихо, дозиметр мовчить. Пакує хабар у проби для ваг скупника.","Обшитий свинцем магазинний ларь: артефакти лежать тихо, дозиметр мовчить. Пакує хабар у проби для ваг скупника.","Обшитий свинцем магазинний ларь: артефакти лежать тихо, дозиметр мовчить. Пакує хабар у проби для ваг скупника.","Обшитий свинцем магазинний ларь: артефакти лежать тихо, дозиметр мовчить. Пакує хабар у проби для ваг скупника.","Обшитий свинцем магазинний ларь: артефакти лежать тихо, дозиметр мовчить. Пакує хабар у проби для ваг скупника.","Обшитий свинцем магазинний ларь: артефакти лежать тихо, дозиметр мовчить. Пакує хабар у проби для ваг скупника.","Обшитий свинцем магазинний ларь: артефакти лежать тихо, дозиметр мовчить. Пакує хабар у проби для ваг скупника.","Обшитий свинцем магазинний ларь: артефакти лежать тихо, дозиметр мовчить. Пакує хабар у проби для ваг скупника.","Обшитий свинцем магазинний ларь: артефакти лежать тихо, дозиметр мовчить. Пакує хабар у проби для ваг скупника.","Обшитий свинцем магазинний ларь: артефакти лежать тихо, дозиметр мовчить. Пакує хабар у проби для ваг скупника.","Обшитий свинцем магазинний ларь: артефакти лежать тихо, дозиметр мовчить. Пакує хабар у проби для ваг скупника.","Обшитий свинцем магазинний ларь: артефакти лежать тихо, дозиметр мовчить. Пакує хабар у проби для ваг скупника.","Обшитий свинцем магазинний ларь: артефакти лежать тихо, дозиметр мовчить. Пакує хабар у проби для ваг скупника.","Обшитий свинцем магазинний ларь: артефакти лежать тихо, дозиметр мовчить. Пакує хабар у проби для ваг скупника.",
"STR_OZL_bnd_proc_khabar","Ваги скупника (Бандити)","Ваги скупника (Бандити)","Ваги скупника (Бандити)","Ваги скупника (Бандити)","Ваги скупника (Бандити)","Ваги скупника (Бандити)","Ваги скупника (Бандити)","Ваги скупника (Бандити)","Ваги скупника (Бандити)","Ваги скупника (Бандити)","Ваги скупника (Бандити)","Ваги скупника (Бандити)","Ваги скупника (Бандити)","Ваги скупника (Бандити)",
"STR_OZL_bnd_proc_khabar_desc","Підкручені ваги з ринку: зважують пробу хабару й пишуть на носій, скільки вона варта братві.","Підкручені ваги з ринку: зважують пробу хабару й пишуть на носій, скільки вона варта братві.","Підкручені ваги з ринку: зважують пробу хабару й пишуть на носій, скільки вона варта братві.","Підкручені ваги з ринку: зважують пробу хабару й пишуть на носій, скільки вона варта братві.","Підкручені ваги з ринку: зважують пробу хабару й пишуть на носій, скільки вона варта братві.","Підкручені ваги з ринку: зважують пробу хабару й пишуть на носій, скільки вона варта братві.","Підкручені ваги з ринку: зважують пробу хабару й пишуть на носій, скільки вона варта братві.","Підкручені ваги з ринку: зважують пробу хабару й пишуть на носій, скільки вона варта братві.","Підкручені ваги з ринку: зважують пробу хабару й пишуть на носій, скільки вона варта братві.","Підкручені ваги з ринку: зважують пробу хабару й пишуть на носій, скільки вона варта братві.","Підкручені ваги з ринку: зважують пробу хабару й пишуть на носій, скільки вона варта братві.","Підкручені ваги з ринку: зважують пробу хабару й пишуть на носій, скільки вона варта братві.","Підкручені ваги з ринку: зважують пробу хабару й пишуть на носій, скільки вона варта братві.","Підкручені ваги з ринку: зважують пробу хабару й пишуть на носій, скільки вона варта братві.",
"STR_OZL_bnd_pack_trail","Стіл навідника (Бандити)","Стіл навідника (Бандити)","Стіл навідника (Бандити)","Стіл навідника (Бандити)","Стіл навідника (Бандити)","Стіл навідника (Бандити)","Стіл навідника (Бандити)","Стіл навідника (Бандити)","Стіл навідника (Бандити)","Стіл навідника (Бандити)","Стіл навідника (Бандити)","Стіл навідника (Бандити)","Стіл навідника (Бандити)","Стіл навідника (Бандити)",
"STR_OZL_bnd_pack_trail_desc","Конторський стіл, завалений чужими мапами, болтами й флешками. Навідник пакує все це в навідки для верстата.","Конторський стіл, завалений чужими мапами, болтами й флешками. Навідник пакує все це в навідки для верстата.","Конторський стіл, завалений чужими мапами, болтами й флешками. Навідник пакує все це в навідки для верстата.","Конторський стіл, завалений чужими мапами, болтами й флешками. Навідник пакує все це в навідки для верстата.","Конторський стіл, завалений чужими мапами, болтами й флешками. Навідник пакує все це в навідки для верстата.","Конторський стіл, завалений чужими мапами, болтами й флешками. Навідник пакує все це в навідки для верстата.","Конторський стіл, завалений чужими мапами, болтами й флешками. Навідник пакує все це в навідки для верстата.","Конторський стіл, завалений чужими мапами, болтами й флешками. Навідник пакує все це в навідки для верстата.","Конторський стіл, завалений чужими мапами, болтами й флешками. Навідник пакує все це в навідки для верстата.","Конторський стіл, завалений чужими мапами, болтами й флешками. Навідник пакує все це в навідки для верстата.","Конторський стіл, завалений чужими мапами, болтами й флешками. Навідник пакує все це в навідки для верстата.","Конторський стіл, завалений чужими мапами, болтами й флешками. Навідник пакує все це в навідки для верстата.","Конторський стіл, завалений чужими мапами, болтами й флешками. Навідник пакує все це в навідки для верстата.","Конторський стіл, завалений чужими мапами, болтами й флешками. Навідник пакує все це в навідки для верстата.",
"STR_OZL_bnd_proc_trail","Верстат зчитування носіїв (Бандити)","Верстат зчитування носіїв (Бандити)","Верстат зчитування носіїв (Бандити)","Верстат зчитування носіїв (Бандити)","Верстат зчитування носіїв (Бандити)","Верстат зчитування носіїв (Бандити)","Верстат зчитування носіїв (Бандити)","Верстат зчитування носіїв (Бандити)","Верстат зчитування носіїв (Бандити)","Верстат зчитування носіїв (Бандити)","Верстат зчитування носіїв (Бандити)","Верстат зчитування носіїв (Бандити)","Верстат зчитування носіїв (Бандити)","Верстат зчитування носіїв (Бандити)",
"STR_OZL_bnd_proc_trail_desc","Крадений свердлильний верстат, перероблений під розкриття зламаних КПК і флешок. Видає носій із даними стежок.","Крадений свердлильний верстат, перероблений під розкриття зламаних КПК і флешок. Видає носій із даними стежок.","Крадений свердлильний верстат, перероблений під розкриття зламаних КПК і флешок. Видає носій із даними стежок.","Крадений свердлильний верстат, перероблений під розкриття зламаних КПК і флешок. Видає носій із даними стежок.","Крадений свердлильний верстат, перероблений під розкриття зламаних КПК і флешок. Видає носій із даними стежок.","Крадений свердлильний верстат, перероблений під розкриття зламаних КПК і флешок. Видає носій із даними стежок.","Крадений свердлильний верстат, перероблений під розкриття зламаних КПК і флешок. Видає носій із даними стежок.","Крадений свердлильний верстат, перероблений під розкриття зламаних КПК і флешок. Видає носій із даними стежок.","Крадений свердлильний верстат, перероблений під розкриття зламаних КПК і флешок. Видає носій із даними стежок.","Крадений свердлильний верстат, перероблений під розкриття зламаних КПК і флешок. Видає носій із даними стежок.","Крадений свердлильний верстат, перероблений під розкриття зламаних КПК і флешок. Видає носій із даними стежок.","Крадений свердлильний верстат, перероблений під розкриття зламаних КПК і флешок. Видає носій із даними стежок.","Крадений свердлильний верстат, перероблений під розкриття зламаних КПК і флешок. Видає носій із даними стежок.","Крадений свердлильний верстат, перероблений під розкриття зламаних КПК і флешок. Видає носій із даними стежок.",
"STR_OZL_bnd_terminal","Пульт братви (Бандити)","Пульт братви (Бандити)","Пульт братви (Бандити)","Пульт братви (Бандити)","Пульт братви (Бандити)","Пульт братви (Бандити)","Пульт братви (Бандити)","Пульт братви (Бандити)","Пульт братви (Бандити)","Пульт братви (Бандити)","Пульт братви (Бандити)","Пульт братви (Бандити)","Пульт братви (Бандити)","Пульт братви (Бандити)",
"STR_OZL_bnd_terminal_desc","Радарний пульт, вивезений зі списаної частини. Тут братва здає носії даних у спільний котел і дивиться, що вже відкрито.","Радарний пульт, вивезений зі списаної частини. Тут братва здає носії даних у спільний котел і дивиться, що вже відкрито.","Радарний пульт, вивезений зі списаної частини. Тут братва здає носії даних у спільний котел і дивиться, що вже відкрито.","Радарний пульт, вивезений зі списаної частини. Тут братва здає носії даних у спільний котел і дивиться, що вже відкрито.","Радарний пульт, вивезений зі списаної частини. Тут братва здає носії даних у спільний котел і дивиться, що вже відкрито.","Радарний пульт, вивезений зі списаної частини. Тут братва здає носії даних у спільний котел і дивиться, що вже відкрито.","Радарний пульт, вивезений зі списаної частини. Тут братва здає носії даних у спільний котел і дивиться, що вже відкрито.","Радарний пульт, вивезений зі списаної частини. Тут братва здає носії даних у спільний котел і дивиться, що вже відкрито.","Радарний пульт, вивезений зі списаної частини. Тут братва здає носії даних у спільний котел і дивиться, що вже відкрито.","Радарний пульт, вивезений зі списаної частини. Тут братва здає носії даних у спільний котел і дивиться, що вже відкрито.","Радарний пульт, вивезений зі списаної частини. Тут братва здає носії даних у спільний котел і дивиться, що вже відкрито.","Радарний пульт, вивезений зі списаної частини. Тут братва здає носії даних у спільний котел і дивиться, що вже відкрито.","Радарний пульт, вивезений зі списаної частини. Тут братва здає носії даних у спільний котел і дивиться, що вже відкрито.","Радарний пульт, вивезений зі списаної частини. Тут братва здає носії даних у спільний котел і дивиться, що вже відкрито.",
"STR_OZL_lnr_pack_khabar","Шафка хабару бармена (Нейтрали)","Шафка хабару бармена (Нейтрали)","Шафка хабару бармена (Нейтрали)","Шафка хабару бармена (Нейтрали)","Шафка хабару бармена (Нейтрали)","Шафка хабару бармена (Нейтрали)","Шафка хабару бармена (Нейтрали)","Шафка хабару бармена (Нейтрали)","Шафка хабару бармена (Нейтрали)","Шафка хабару бармена (Нейтрали)","Шафка хабару бармена (Нейтрали)","Шафка хабару бармена (Нейтрали)","Шафка хабару бармена (Нейтрали)","Шафка хабару бармена (Нейтрали)",
"STR_OZL_lnr_pack_khabar_desc","Металева шафка за барною стійкою: бармен складає сюди принесені артефакти й пакує їх у проби.","Металева шафка за барною стійкою: бармен складає сюди принесені артефакти й пакує їх у проби.","Металева шафка за барною стійкою: бармен складає сюди принесені артефакти й пакує їх у проби.","Металева шафка за барною стійкою: бармен складає сюди принесені артефакти й пакує їх у проби.","Металева шафка за барною стійкою: бармен складає сюди принесені артефакти й пакує їх у проби.","Металева шафка за барною стійкою: бармен складає сюди принесені артефакти й пакує їх у проби.","Металева шафка за барною стійкою: бармен складає сюди принесені артефакти й пакує їх у проби.","Металева шафка за барною стійкою: бармен складає сюди принесені артефакти й пакує їх у проби.","Металева шафка за барною стійкою: бармен складає сюди принесені артефакти й пакує їх у проби.","Металева шафка за барною стійкою: бармен складає сюди принесені артефакти й пакує їх у проби.","Металева шафка за барною стійкою: бармен складає сюди принесені артефакти й пакує їх у проби.","Металева шафка за барною стійкою: бармен складає сюди принесені артефакти й пакує їх у проби.","Металева шафка за барною стійкою: бармен складає сюди принесені артефакти й пакує їх у проби.","Металева шафка за барною стійкою: бармен складає сюди принесені артефакти й пакує їх у проби.",
"STR_OZL_lnr_proc_khabar","Барабанний детектор хабару (Нейтрали)","Барабанний детектор хабару (Нейтрали)","Барабанний детектор хабару (Нейтрали)","Барабанний детектор хабару (Нейтрали)","Барабанний детектор хабару (Нейтрали)","Барабанний детектор хабару (Нейтрали)","Барабанний детектор хабару (Нейтрали)","Барабанний детектор хабару (Нейтрали)","Барабанний детектор хабару (Нейтрали)","Барабанний детектор хабару (Нейтрали)","Барабанний детектор хабару (Нейтрали)","Барабанний детектор хабару (Нейтрали)","Барабанний детектор хабару (Нейтрали)","Барабанний детектор хабару (Нейтрали)",
"STR_OZL_lnr_proc_khabar_desc","Пральна машина з детектором у барабані: проба крутиться, детектор пищить, на носій лягає запис про хабар.","Пральна машина з детектором у барабані: проба крутиться, детектор пищить, на носій лягає запис про хабар.","Пральна машина з детектором у барабані: проба крутиться, детектор пищить, на носій лягає запис про хабар.","Пральна машина з детектором у барабані: проба крутиться, детектор пищить, на носій лягає запис про хабар.","Пральна машина з детектором у барабані: проба крутиться, детектор пищить, на носій лягає запис про хабар.","Пральна машина з детектором у барабані: проба крутиться, детектор пищить, на носій лягає запис про хабар.","Пральна машина з детектором у барабані: проба крутиться, детектор пищить, на носій лягає запис про хабар.","Пральна машина з детектором у барабані: проба крутиться, детектор пищить, на носій лягає запис про хабар.","Пральна машина з детектором у барабані: проба крутиться, детектор пищить, на носій лягає запис про хабар.","Пральна машина з детектором у барабані: проба крутиться, детектор пищить, на носій лягає запис про хабар.","Пральна машина з детектором у барабані: проба крутиться, детектор пищить, на носій лягає запис про хабар.","Пральна машина з детектором у барабані: проба крутиться, детектор пищить, на носій лягає запис про хабар.","Пральна машина з детектором у барабані: проба крутиться, детектор пищить, на носій лягає запис про хабар.","Пральна машина з детектором у барабані: проба крутиться, детектор пищить, на носій лягає запис про хабар.",
"STR_OZL_lnr_pack_trail","Шафа з мапами (Нейтрали)","Шафа з мапами (Нейтрали)","Шафа з мапами (Нейтрали)","Шафа з мапами (Нейтрали)","Шафа з мапами (Нейтрали)","Шафа з мапами (Нейтрали)","Шафа з мапами (Нейтрали)","Шафа з мапами (Нейтрали)","Шафа з мапами (Нейтрали)","Шафа з мапами (Нейтрали)","Шафа з мапами (Нейтрали)","Шафа з мапами (Нейтрали)","Шафа з мапами (Нейтрали)","Шафа з мапами (Нейтрали)",
"STR_OZL_lnr_pack_trail_desc","Відкрита класна шафа з мапами, блокнотами й маркерами. Сталкери складають сюди все, що знайшли на стежках.","Відкрита класна шафа з мапами, блокнотами й маркерами. Сталкери складають сюди все, що знайшли на стежках.","Відкрита класна шафа з мапами, блокнотами й маркерами. Сталкери складають сюди все, що знайшли на стежках.","Відкрита класна шафа з мапами, блокнотами й маркерами. Сталкери складають сюди все, що знайшли на стежках.","Відкрита класна шафа з мапами, блокнотами й маркерами. Сталкери складають сюди все, що знайшли на стежках.","Відкрита класна шафа з мапами, блокнотами й маркерами. Сталкери складають сюди все, що знайшли на стежках.","Відкрита класна шафа з мапами, блокнотами й маркерами. Сталкери складають сюди все, що знайшли на стежках.","Відкрита класна шафа з мапами, блокнотами й маркерами. Сталкери складають сюди все, що знайшли на стежках.","Відкрита класна шафа з мапами, блокнотами й маркерами. Сталкери складають сюди все, що знайшли на стежках.","Відкрита класна шафа з мапами, блокнотами й маркерами. Сталкери складають сюди все, що знайшли на стежках.","Відкрита класна шафа з мапами, блокнотами й маркерами. Сталкери складають сюди все, що знайшли на стежках.","Відкрита класна шафа з мапами, блокнотами й маркерами. Сталкери складають сюди все, що знайшли на стежках.","Відкрита класна шафа з мапами, блокнотами й маркерами. Сталкери складають сюди все, що знайшли на стежках.","Відкрита класна шафа з мапами, блокнотами й маркерами. Сталкери складають сюди все, що знайшли на стежках.",
"STR_OZL_lnr_proc_trail","Стійка радіоперехоплення (Нейтрали)","Стійка радіоперехоплення (Нейтрали)","Стійка радіоперехоплення (Нейтрали)","Стійка радіоперехоплення (Нейтрали)","Стійка радіоперехоплення (Нейтрали)","Стійка радіоперехоплення (Нейтрали)","Стійка радіоперехоплення (Нейтрали)","Стійка радіоперехоплення (Нейтрали)","Стійка радіоперехоплення (Нейтрали)","Стійка радіоперехоплення (Нейтрали)","Стійка радіоперехоплення (Нейтрали)","Стійка радіоперехоплення (Нейтрали)","Стійка радіоперехоплення (Нейтрали)","Стійка радіоперехоплення (Нейтрали)",
"STR_OZL_lnr_proc_trail_desc","Одиночна радарна стійка, перепаяна під читання флешок, чипів і зламаних КПК. Записує стежки на носій.","Одиночна радарна стійка, перепаяна під читання флешок, чипів і зламаних КПК. Записує стежки на носій.","Одиночна радарна стійка, перепаяна під читання флешок, чипів і зламаних КПК. Записує стежки на носій.","Одиночна радарна стійка, перепаяна під читання флешок, чипів і зламаних КПК. Записує стежки на носій.","Одиночна радарна стійка, перепаяна під читання флешок, чипів і зламаних КПК. Записує стежки на носій.","Одиночна радарна стійка, перепаяна під читання флешок, чипів і зламаних КПК. Записує стежки на носій.","Одиночна радарна стійка, перепаяна під читання флешок, чипів і зламаних КПК. Записує стежки на носій.","Одиночна радарна стійка, перепаяна під читання флешок, чипів і зламаних КПК. Записує стежки на носій.","Одиночна радарна стійка, перепаяна під читання флешок, чипів і зламаних КПК. Записує стежки на носій.","Одиночна радарна стійка, перепаяна під читання флешок, чипів і зламаних КПК. Записує стежки на носій.","Одиночна радарна стійка, перепаяна під читання флешок, чипів і зламаних КПК. Записує стежки на носій.","Одиночна радарна стійка, перепаяна під читання флешок, чипів і зламаних КПК. Записує стежки на носій.","Одиночна радарна стійка, перепаяна під читання флешок, чипів і зламаних КПК. Записує стежки на носій.","Одиночна радарна стійка, перепаяна під читання флешок, чипів і зламаних КПК. Записує стежки на носій.",
"STR_OZL_lnr_terminal","Барна стійка «100 рентген» (Нейтрали)","Барна стійка «100 рентген» (Нейтрали)","Барна стійка «100 рентген» (Нейтрали)","Барна стійка «100 рентген» (Нейтрали)","Барна стійка «100 рентген» (Нейтрали)","Барна стійка «100 рентген» (Нейтрали)","Барна стійка «100 рентген» (Нейтрали)","Барна стійка «100 рентген» (Нейтрали)","Барна стійка «100 рентген» (Нейтрали)","Барна стійка «100 рентген» (Нейтрали)","Барна стійка «100 рентген» (Нейтрали)","Барна стійка «100 рентген» (Нейтрали)","Барна стійка «100 рентген» (Нейтрали)","Барна стійка «100 рентген» (Нейтрали)",
"STR_OZL_lnr_terminal_desc","Лабораторна лава, переобладнана під бар: тут бармен приймає носії даних у спільну скарбничку сталкерів.","Лабораторна лава, переобладнана під бар: тут бармен приймає носії даних у спільну скарбничку сталкерів.","Лабораторна лава, переобладнана під бар: тут бармен приймає носії даних у спільну скарбничку сталкерів.","Лабораторна лава, переобладнана під бар: тут бармен приймає носії даних у спільну скарбничку сталкерів.","Лабораторна лава, переобладнана під бар: тут бармен приймає носії даних у спільну скарбничку сталкерів.","Лабораторна лава, переобладнана під бар: тут бармен приймає носії даних у спільну скарбничку сталкерів.","Лабораторна лава, переобладнана під бар: тут бармен приймає носії даних у спільну скарбничку сталкерів.","Лабораторна лава, переобладнана під бар: тут бармен приймає носії даних у спільну скарбничку сталкерів.","Лабораторна лава, переобладнана під бар: тут бармен приймає носії даних у спільну скарбничку сталкерів.","Лабораторна лава, переобладнана під бар: тут бармен приймає носії даних у спільну скарбничку сталкерів.","Лабораторна лава, переобладнана під бар: тут бармен приймає носії даних у спільну скарбничку сталкерів.","Лабораторна лава, переобладнана під бар: тут бармен приймає носії даних у спільну скарбничку сталкерів.","Лабораторна лава, переобладнана під бар: тут бармен приймає носії даних у спільну скарбничку сталкерів.","Лабораторна лава, переобладнана під бар: тут бармен приймає носії даних у спільну скарбничку сталкерів.",
"STR_OZL_dty_pack_ball","Збройовий верстак Долгу","Збройовий верстак Долгу","Збройовий верстак Долгу","Збройовий верстак Долгу","Збройовий верстак Долгу","Збройовий верстак Долгу","Збройовий верстак Долгу","Збройовий верстак Долгу","Збройовий верстак Долгу","Збройовий верстак Долгу","Збройовий верстак Долгу","Збройовий верстак Долгу","Збройовий верстак Долгу","Збройовий верстак Долгу",
"STR_OZL_dty_pack_ball_desc","Верстак для розбирання трофейного обвісу: оптика, глушники, гранати перетворюються на балістичні зразки.","Верстак для розбирання трофейного обвісу: оптика, глушники, гранати перетворюються на балістичні зразки.","Верстак для розбирання трофейного обвісу: оптика, глушники, гранати перетворюються на балістичні зразки.","Верстак для розбирання трофейного обвісу: оптика, глушники, гранати перетворюються на балістичні зразки.","Верстак для розбирання трофейного обвісу: оптика, глушники, гранати перетворюються на балістичні зразки.","Верстак для розбирання трофейного обвісу: оптика, глушники, гранати перетворюються на балістичні зразки.","Верстак для розбирання трофейного обвісу: оптика, глушники, гранати перетворюються на балістичні зразки.","Верстак для розбирання трофейного обвісу: оптика, глушники, гранати перетворюються на балістичні зразки.","Верстак для розбирання трофейного обвісу: оптика, глушники, гранати перетворюються на балістичні зразки.","Верстак для розбирання трофейного обвісу: оптика, глушники, гранати перетворюються на балістичні зразки.","Верстак для розбирання трофейного обвісу: оптика, глушники, гранати перетворюються на балістичні зразки.","Верстак для розбирання трофейного обвісу: оптика, глушники, гранати перетворюються на балістичні зразки.","Верстак для розбирання трофейного обвісу: оптика, глушники, гранати перетворюються на балістичні зразки.","Верстак для розбирання трофейного обвісу: оптика, глушники, гранати перетворюються на балістичні зразки.",
"STR_OZL_dty_proc_ball","Балістичний пульт Долгу","Балістичний пульт Долгу","Балістичний пульт Долгу","Балістичний пульт Долгу","Балістичний пульт Долгу","Балістичний пульт Долгу","Балістичний пульт Долгу","Балістичний пульт Долгу","Балістичний пульт Долгу","Балістичний пульт Долгу","Балістичний пульт Долгу","Балістичний пульт Долгу","Балістичний пульт Долгу","Балістичний пульт Долгу",
"STR_OZL_dty_proc_ball_desc","Стенд обмірів обвісу. Приймає балістичний зразок і видає носій даних.","Стенд обмірів обвісу. Приймає балістичний зразок і видає носій даних.","Стенд обмірів обвісу. Приймає балістичний зразок і видає носій даних.","Стенд обмірів обвісу. Приймає балістичний зразок і видає носій даних.","Стенд обмірів обвісу. Приймає балістичний зразок і видає носій даних.","Стенд обмірів обвісу. Приймає балістичний зразок і видає носій даних.","Стенд обмірів обвісу. Приймає балістичний зразок і видає носій даних.","Стенд обмірів обвісу. Приймає балістичний зразок і видає носій даних.","Стенд обмірів обвісу. Приймає балістичний зразок і видає носій даних.","Стенд обмірів обвісу. Приймає балістичний зразок і видає носій даних.","Стенд обмірів обвісу. Приймає балістичний зразок і видає носій даних.","Стенд обмірів обвісу. Приймає балістичний зразок і видає носій даних.","Стенд обмірів обвісу. Приймає балістичний зразок і видає носій даних.","Стенд обмірів обвісу. Приймає балістичний зразок і видає носій даних.",
"STR_OZL_dty_pack_prot","Бак знежирення броні Долгу","Бак знежирення броні Долгу","Бак знежирення броні Долгу","Бак знежирення броні Долгу","Бак знежирення броні Долгу","Бак знежирення броні Долгу","Бак знежирення броні Долгу","Бак знежирення броні Долгу","Бак знежирення броні Долгу","Бак знежирення броні Долгу","Бак знежирення броні Долгу","Бак знежирення броні Долгу","Бак знежирення броні Долгу","Бак знежирення броні Долгу",
"STR_OZL_dty_pack_prot_desc","Бак, у якому шоломи, фільтри й балони розбирають на зразки захисту.","Бак, у якому шоломи, фільтри й балони розбирають на зразки захисту.","Бак, у якому шоломи, фільтри й балони розбирають на зразки захисту.","Бак, у якому шоломи, фільтри й балони розбирають на зразки захисту.","Бак, у якому шоломи, фільтри й балони розбирають на зразки захисту.","Бак, у якому шоломи, фільтри й балони розбирають на зразки захисту.","Бак, у якому шоломи, фільтри й балони розбирають на зразки захисту.","Бак, у якому шоломи, фільтри й балони розбирають на зразки захисту.","Бак, у якому шоломи, фільтри й балони розбирають на зразки захисту.","Бак, у якому шоломи, фільтри й балони розбирають на зразки захисту.","Бак, у якому шоломи, фільтри й балони розбирають на зразки захисту.","Бак, у якому шоломи, фільтри й балони розбирають на зразки захисту.","Бак, у якому шоломи, фільтри й балони розбирають на зразки захисту.","Бак, у якому шоломи, фільтри й балони розбирають на зразки захисту.",
"STR_OZL_dty_proc_prot","Стенд обстрілу пластин Долгу","Стенд обстрілу пластин Долгу","Стенд обстрілу пластин Долгу","Стенд обстрілу пластин Долгу","Стенд обстрілу пластин Долгу","Стенд обстрілу пластин Долгу","Стенд обстрілу пластин Долгу","Стенд обстрілу пластин Долгу","Стенд обстрілу пластин Долгу","Стенд обстрілу пластин Долгу","Стенд обстрілу пластин Долгу","Стенд обстрілу пластин Долгу","Стенд обстрілу пластин Долгу","Стенд обстрілу пластин Долгу",
"STR_OZL_dty_proc_prot_desc","Стійка випробувань захисту. Приймає зразок захисту і видає носій даних.","Стійка випробувань захисту. Приймає зразок захисту і видає носій даних.","Стійка випробувань захисту. Приймає зразок захисту і видає носій даних.","Стійка випробувань захисту. Приймає зразок захисту і видає носій даних.","Стійка випробувань захисту. Приймає зразок захисту і видає носій даних.","Стійка випробувань захисту. Приймає зразок захисту і видає носій даних.","Стійка випробувань захисту. Приймає зразок захисту і видає носій даних.","Стійка випробувань захисту. Приймає зразок захисту і видає носій даних.","Стійка випробувань захисту. Приймає зразок захисту і видає носій даних.","Стійка випробувань захисту. Приймає зразок захисту і видає носій даних.","Стійка випробувань захисту. Приймає зразок захисту і видає носій даних.","Стійка випробувань захисту. Приймає зразок захисту і видає носій даних.","Стійка випробувань захисту. Приймає зразок захисту і видає носій даних.","Стійка випробувань захисту. Приймає зразок захисту і видає носій даних.",
"STR_OZL_frd_pack_ball","Стіл зброяра Волі","Стіл зброяра Волі","Стіл зброяра Волі","Стіл зброяра Волі","Стіл зброяра Волі","Стіл зброяра Волі","Стіл зброяра Волі","Стіл зброяра Волі","Стіл зброяра Волі","Стіл зброяра Волі","Стіл зброяра Волі","Стіл зброяра Волі","Стіл зброяра Волі","Стіл зброяра Волі",
"STR_OZL_frd_pack_ball_desc","Стіл, де натовський обвіс розбирають на балістичні зразки.","Стіл, де натовський обвіс розбирають на балістичні зразки.","Стіл, де натовський обвіс розбирають на балістичні зразки.","Стіл, де натовський обвіс розбирають на балістичні зразки.","Стіл, де натовський обвіс розбирають на балістичні зразки.","Стіл, де натовський обвіс розбирають на балістичні зразки.","Стіл, де натовський обвіс розбирають на балістичні зразки.","Стіл, де натовський обвіс розбирають на балістичні зразки.","Стіл, де натовський обвіс розбирають на балістичні зразки.","Стіл, де натовський обвіс розбирають на балістичні зразки.","Стіл, де натовський обвіс розбирають на балістичні зразки.","Стіл, де натовський обвіс розбирають на балістичні зразки.","Стіл, де натовський обвіс розбирають на балістичні зразки.","Стіл, де натовський обвіс розбирають на балістичні зразки.",
"STR_OZL_frd_proc_ball","Хронограф Волі","Хронограф Волі","Хронограф Волі","Хронограф Волі","Хронограф Волі","Хронограф Волі","Хронограф Волі","Хронограф Волі","Хронограф Волі","Хронограф Волі","Хронограф Волі","Хронограф Волі","Хронограф Волі","Хронограф Волі",
"STR_OZL_frd_proc_ball_desc","Саморобний вимірювальний верстат. Приймає балістичний зразок і видає носій даних.","Саморобний вимірювальний верстат. Приймає балістичний зразок і видає носій даних.","Саморобний вимірювальний верстат. Приймає балістичний зразок і видає носій даних.","Саморобний вимірювальний верстат. Приймає балістичний зразок і видає носій даних.","Саморобний вимірювальний верстат. Приймає балістичний зразок і видає носій даних.","Саморобний вимірювальний верстат. Приймає балістичний зразок і видає носій даних.","Саморобний вимірювальний верстат. Приймає балістичний зразок і видає носій даних.","Саморобний вимірювальний верстат. Приймає балістичний зразок і видає носій даних.","Саморобний вимірювальний верстат. Приймає балістичний зразок і видає носій даних.","Саморобний вимірювальний верстат. Приймає балістичний зразок і видає носій даних.","Саморобний вимірювальний верстат. Приймає балістичний зразок і видає носій даних.","Саморобний вимірювальний верстат. Приймає балістичний зразок і видає носій даних.","Саморобний вимірювальний верстат. Приймає балістичний зразок і видає носій даних.","Саморобний вимірювальний верстат. Приймає балістичний зразок і видає носій даних.",
"STR_OZL_frd_pack_prot","Скриня броні Волі","Скриня броні Волі","Скриня броні Волі","Скриня броні Волі","Скриня броні Волі","Скриня броні Волі","Скриня броні Волі","Скриня броні Волі","Скриня броні Волі","Скриня броні Волі","Скриня броні Волі","Скриня броні Волі","Скриня броні Волі","Скриня броні Волі",
"STR_OZL_frd_pack_prot_desc","Скриня, у якій шоломи, фільтри й балони розбирають на зразки захисту.","Скриня, у якій шоломи, фільтри й балони розбирають на зразки захисту.","Скриня, у якій шоломи, фільтри й балони розбирають на зразки захисту.","Скриня, у якій шоломи, фільтри й балони розбирають на зразки захисту.","Скриня, у якій шоломи, фільтри й балони розбирають на зразки захисту.","Скриня, у якій шоломи, фільтри й балони розбирають на зразки захисту.","Скриня, у якій шоломи, фільтри й балони розбирають на зразки захисту.","Скриня, у якій шоломи, фільтри й балони розбирають на зразки захисту.","Скриня, у якій шоломи, фільтри й балони розбирають на зразки захисту.","Скриня, у якій шоломи, фільтри й балони розбирають на зразки захисту.","Скриня, у якій шоломи, фільтри й балони розбирають на зразки захисту.","Скриня, у якій шоломи, фільтри й балони розбирають на зразки захисту.","Скриня, у якій шоломи, фільтри й балони розбирають на зразки захисту.","Скриня, у якій шоломи, фільтри й балони розбирають на зразки захисту.",
"STR_OZL_frd_proc_prot","Ваги бронезахисту Волі","Ваги бронезахисту Волі","Ваги бронезахисту Волі","Ваги бронезахисту Волі","Ваги бронезахисту Волі","Ваги бронезахисту Волі","Ваги бронезахисту Волі","Ваги бронезахисту Волі","Ваги бронезахисту Волі","Ваги бронезахисту Волі","Ваги бронезахисту Волі","Ваги бронезахисту Волі","Ваги бронезахисту Волі","Ваги бронезахисту Волі",
"STR_OZL_frd_proc_prot_desc","Ваги-стенд захисту. Приймає зразок захисту і видає носій даних.","Ваги-стенд захисту. Приймає зразок захисту і видає носій даних.","Ваги-стенд захисту. Приймає зразок захисту і видає носій даних.","Ваги-стенд захисту. Приймає зразок захисту і видає носій даних.","Ваги-стенд захисту. Приймає зразок захисту і видає носій даних.","Ваги-стенд захисту. Приймає зразок захисту і видає носій даних.","Ваги-стенд захисту. Приймає зразок захисту і видає носій даних.","Ваги-стенд захисту. Приймає зразок захисту і видає носій даних.","Ваги-стенд захисту. Приймає зразок захисту і видає носій даних.","Ваги-стенд захисту. Приймає зразок захисту і видає носій даних.","Ваги-стенд захисту. Приймає зразок захисту і видає носій даних.","Ваги-стенд захисту. Приймає зразок захисту і видає носій даних.","Ваги-стенд захисту. Приймає зразок захисту і видає носій даних.","Ваги-стенд захисту. Приймає зразок захисту і видає носій даних.",
"STR_OZL_frd_terminal","Термінал Волі","Термінал Волі","Термінал Волі","Термінал Волі","Термінал Волі","Термінал Волі","Термінал Волі","Термінал Волі","Термінал Волі","Термінал Волі","Термінал Волі","Термінал Волі","Термінал Волі","Термінал Волі",
"STR_OZL_frd_terminal_desc","Комп'ютер штабу Волі. Приймає носії даних у пул фракції й відкриває дерево досліджень.","Комп'ютер штабу Волі. Приймає носії даних у пул фракції й відкриває дерево досліджень.","Комп'ютер штабу Волі. Приймає носії даних у пул фракції й відкриває дерево досліджень.","Комп'ютер штабу Волі. Приймає носії даних у пул фракції й відкриває дерево досліджень.","Комп'ютер штабу Волі. Приймає носії даних у пул фракції й відкриває дерево досліджень.","Комп'ютер штабу Волі. Приймає носії даних у пул фракції й відкриває дерево досліджень.","Комп'ютер штабу Волі. Приймає носії даних у пул фракції й відкриває дерево досліджень.","Комп'ютер штабу Волі. Приймає носії даних у пул фракції й відкриває дерево досліджень.","Комп'ютер штабу Волі. Приймає носії даних у пул фракції й відкриває дерево досліджень.","Комп'ютер штабу Волі. Приймає носії даних у пул фракції й відкриває дерево досліджень.","Комп'ютер штабу Волі. Приймає носії даних у пул фракції й відкриває дерево досліджень.","Комп'ютер штабу Волі. Приймає носії даних у пул фракції й відкриває дерево досліджень.","Комп'ютер штабу Волі. Приймає носії даних у пул фракції й відкриває дерево досліджень.","Комп'ютер штабу Волі. Приймає носії даних у пул фракції й відкриває дерево досліджень.",
"STR_OZL_sop_pack_ball","Збройова шафа СОП","Збройова шафа СОП","Збройова шафа СОП","Збройова шафа СОП","Збройова шафа СОП","Збройова шафа СОП","Збройова шафа СОП","Збройова шафа СОП","Збройова шафа СОП","Збройова шафа СОП","Збройова шафа СОП","Збройова шафа СОП","Збройова шафа СОП","Збройова шафа СОП",
"STR_OZL_sop_pack_ball_desc","Шафа, де обвіс розбирають на балістичні зразки.","Шафа, де обвіс розбирають на балістичні зразки.","Шафа, де обвіс розбирають на балістичні зразки.","Шафа, де обвіс розбирають на балістичні зразки.","Шафа, де обвіс розбирають на балістичні зразки.","Шафа, де обвіс розбирають на балістичні зразки.","Шафа, де обвіс розбирають на балістичні зразки.","Шафа, де обвіс розбирають на балістичні зразки.","Шафа, де обвіс розбирають на балістичні зразки.","Шафа, де обвіс розбирають на балістичні зразки.","Шафа, де обвіс розбирають на балістичні зразки.","Шафа, де обвіс розбирають на балістичні зразки.","Шафа, де обвіс розбирають на балістичні зразки.","Шафа, де обвіс розбирають на балістичні зразки.",
"STR_OZL_sop_proc_ball","Стенд балістики СОП","Стенд балістики СОП","Стенд балістики СОП","Стенд балістики СОП","Стенд балістики СОП","Стенд балістики СОП","Стенд балістики СОП","Стенд балістики СОП","Стенд балістики СОП","Стенд балістики СОП","Стенд балістики СОП","Стенд балістики СОП","Стенд балістики СОП","Стенд балістики СОП",
"STR_OZL_sop_proc_ball_desc","Електронний стенд обмірів. Приймає балістичний зразок і видає носій даних.","Електронний стенд обмірів. Приймає балістичний зразок і видає носій даних.","Електронний стенд обмірів. Приймає балістичний зразок і видає носій даних.","Електронний стенд обмірів. Приймає балістичний зразок і видає носій даних.","Електронний стенд обмірів. Приймає балістичний зразок і видає носій даних.","Електронний стенд обмірів. Приймає балістичний зразок і видає носій даних.","Електронний стенд обмірів. Приймає балістичний зразок і видає носій даних.","Електронний стенд обмірів. Приймає балістичний зразок і видає носій даних.","Електронний стенд обмірів. Приймає балістичний зразок і видає носій даних.","Електронний стенд обмірів. Приймає балістичний зразок і видає носій даних.","Електронний стенд обмірів. Приймає балістичний зразок і видає носій даних.","Електронний стенд обмірів. Приймає балістичний зразок і видає носій даних.","Електронний стенд обмірів. Приймає балістичний зразок і видає носій даних.","Електронний стенд обмірів. Приймає балістичний зразок і видає носій даних.",
"STR_OZL_sop_pack_prot","Шафа спорядження СОП","Шафа спорядження СОП","Шафа спорядження СОП","Шафа спорядження СОП","Шафа спорядження СОП","Шафа спорядження СОП","Шафа спорядження СОП","Шафа спорядження СОП","Шафа спорядження СОП","Шафа спорядження СОП","Шафа спорядження СОП","Шафа спорядження СОП","Шафа спорядження СОП","Шафа спорядження СОП",
"STR_OZL_sop_pack_prot_desc","Шафа, у якій шоломи, фільтри й балони розбирають на зразки захисту.","Шафа, у якій шоломи, фільтри й балони розбирають на зразки захисту.","Шафа, у якій шоломи, фільтри й балони розбирають на зразки захисту.","Шафа, у якій шоломи, фільтри й балони розбирають на зразки захисту.","Шафа, у якій шоломи, фільтри й балони розбирають на зразки захисту.","Шафа, у якій шоломи, фільтри й балони розбирають на зразки захисту.","Шафа, у якій шоломи, фільтри й балони розбирають на зразки захисту.","Шафа, у якій шоломи, фільтри й балони розбирають на зразки захисту.","Шафа, у якій шоломи, фільтри й балони розбирають на зразки захисту.","Шафа, у якій шоломи, фільтри й балони розбирають на зразки захисту.","Шафа, у якій шоломи, фільтри й балони розбирають на зразки захисту.","Шафа, у якій шоломи, фільтри й балони розбирають на зразки захисту.","Шафа, у якій шоломи, фільтри й балони розбирають на зразки захисту.","Шафа, у якій шоломи, фільтри й балони розбирають на зразки захисту.",
"STR_OZL_sop_proc_prot","Піч термообробки пластин СОП","Піч термообробки пластин СОП","Піч термообробки пластин СОП","Піч термообробки пластин СОП","Піч термообробки пластин СОП","Піч термообробки пластин СОП","Піч термообробки пластин СОП","Піч термообробки пластин СОП","Піч термообробки пластин СОП","Піч термообробки пластин СОП","Піч термообробки пластин СОП","Піч термообробки пластин СОП","Піч термообробки пластин СОП","Піч термообробки пластин СОП",
"STR_OZL_sop_proc_prot_desc","Піч випробувань захисту. Приймає зразок захисту і видає носій даних.","Піч випробувань захисту. Приймає зразок захисту і видає носій даних.","Піч випробувань захисту. Приймає зразок захисту і видає носій даних.","Піч випробувань захисту. Приймає зразок захисту і видає носій даних.","Піч випробувань захисту. Приймає зразок захисту і видає носій даних.","Піч випробувань захисту. Приймає зразок захисту і видає носій даних.","Піч випробувань захисту. Приймає зразок захисту і видає носій даних.","Піч випробувань захисту. Приймає зразок захисту і видає носій даних.","Піч випробувань захисту. Приймає зразок захисту і видає носій даних.","Піч випробувань захисту. Приймає зразок захисту і видає носій даних.","Піч випробувань захисту. Приймає зразок захисту і видає носій даних.","Піч випробувань захисту. Приймає зразок захисту і видає носій даних.","Піч випробувань захисту. Приймає зразок захисту і видає носій даних.","Піч випробувань захисту. Приймає зразок захисту і видає носій даних.",
"STR_OZL_sop_terminal","Штабний монітор СОП","Штабний монітор СОП","Штабний монітор СОП","Штабний монітор СОП","Штабний монітор СОП","Штабний монітор СОП","Штабний монітор СОП","Штабний монітор СОП","Штабний монітор СОП","Штабний монітор СОП","Штабний монітор СОП","Штабний монітор СОП","Штабний монітор СОП","Штабний монітор СОП",
"STR_OZL_sop_terminal_desc","Монітор штабу СОП. Приймає носії даних у пул фракції й відкриває дерево досліджень.","Монітор штабу СОП. Приймає носії даних у пул фракції й відкриває дерево досліджень.","Монітор штабу СОП. Приймає носії даних у пул фракції й відкриває дерево досліджень.","Монітор штабу СОП. Приймає носії даних у пул фракції й відкриває дерево досліджень.","Монітор штабу СОП. Приймає носії даних у пул фракції й відкриває дерево досліджень.","Монітор штабу СОП. Приймає носії даних у пул фракції й відкриває дерево досліджень.","Монітор штабу СОП. Приймає носії даних у пул фракції й відкриває дерево досліджень.","Монітор штабу СОП. Приймає носії даних у пул фракції й відкриває дерево досліджень.","Монітор штабу СОП. Приймає носії даних у пул фракції й відкриває дерево досліджень.","Монітор штабу СОП. Приймає носії даних у пул фракції й відкриває дерево досліджень.","Монітор штабу СОП. Приймає носії даних у пул фракції й відкриває дерево досліджень.","Монітор штабу СОП. Приймає носії даних у пул фракції й відкриває дерево досліджень.","Монітор штабу СОП. Приймає носії даних у пул фракції й відкриває дерево досліджень.","Монітор штабу СОП. Приймає носії даних у пул фракції й відкриває дерево досліджень.",
"STR_OZL_ERR_AMOUNT","Кількість має бути більшою за нуль","The amount must be above zero","Кількість має бути більшою за нуль","Кількість має бути більшою за нуль","Кількість має бути більшою за нуль","Кількість має бути більшою за нуль","Кількість має бути більшою за нуль","Кількість має бути більшою за нуль","Кількість має бути більшою за нуль","Кількість має бути більшою за нуль","Кількість має бути більшою за нуль","Кількість має бути більшою за нуль","Кількість має бути більшою за нуль","Кількість має бути більшою за нуль",
"STR_OZL_ERR_UNKNOWN_TYPE","Невідомий тип балів","Unknown point type","Невідомий тип балів","Невідомий тип балів","Невідомий тип балів","Невідомий тип балів","Невідомий тип балів","Невідомий тип балів","Невідомий тип балів","Невідомий тип балів","Невідомий тип балів","Невідомий тип балів","Невідомий тип балів","Невідомий тип балів",
"STR_OZL_ERR_BAD_OWNER","Непридатний ідентифікатор фракції","Bad faction id","Непридатний ідентифікатор фракції","Непридатний ідентифікатор фракції","Непридатний ідентифікатор фракції","Непридатний ідентифікатор фракції","Непридатний ідентифікатор фракції","Непридатний ідентифікатор фракції","Непридатний ідентифікатор фракції","Непридатний ідентифікатор фракції","Непридатний ідентифікатор фракції","Непридатний ідентифікатор фракції","Непридатний ідентифікатор фракції","Непридатний ідентифікатор фракції",
"STR_OZL_ERR_POINTS","Недостатньо балів","Not enough points","Недостатньо балів","Недостатньо балів","Недостатньо балів","Недостатньо балів","Недостатньо балів","Недостатньо балів","Недостатньо балів","Недостатньо балів","Недостатньо балів","Недостатньо балів","Недостатньо балів","Недостатньо балів",
"STR_OZL_ERR_STATE","Стан фракції недоступний, повідомте адміністратора","The faction state is unavailable, tell an admin","Стан фракції недоступний, повідомте адміністратора","Стан фракції недоступний, повідомте адміністратора","Стан фракції недоступний, повідомте адміністратора","Стан фракції недоступний, повідомте адміністратора","Стан фракції недоступний, повідомте адміністратора","Стан фракції недоступний, повідомте адміністратора","Стан фракції недоступний, повідомте адміністратора","Стан фракції недоступний, повідомте адміністратора","Стан фракції недоступний, повідомте адміністратора","Стан фракції недоступний, повідомте адміністратора","Стан фракції недоступний, повідомте адміністратора","Стан фракції недоступний, повідомте адміністратора",
"STR_OZL_modname","Дослідження","Research","Дослідження","Дослідження","Дослідження","Дослідження","Дослідження","Дослідження","Дослідження","Дослідження","Дослідження","Дослідження","Дослідження","Дослідження",
"STR_OZL_action_start","Запустити станцію","Start the station","Запустити станцію","Запустити станцію","Запустити станцію","Запустити станцію","Запустити станцію","Запустити станцію","Запустити станцію","Запустити станцію","Запустити станцію","Запустити станцію","Запустити станцію","Запустити станцію",
"STR_OZL_action_collect","Забрати результат","Collect the result","Забрати результат","Забрати результат","Забрати результат","Забрати результат","Забрати результат","Забрати результат","Забрати результат","Забрати результат","Забрати результат","Забрати результат","Забрати результат","Забрати результат",
"STR_OZL_MSG_STARTED","Станцію запущено","The station is running","Станцію запущено","Станцію запущено","Станцію запущено","Станцію запущено","Станцію запущено","Станцію запущено","Станцію запущено","Станцію запущено","Станцію запущено","Станцію запущено","Станцію запущено","Станцію запущено",
"STR_OZL_MSG_COLLECTED","Результат викладено в прилад","The result is in the device","Результат викладено в прилад","Результат викладено в прилад","Результат викладено в прилад","Результат викладено в прилад","Результат викладено в прилад","Результат викладено в прилад","Результат викладено в прилад","Результат викладено в прилад","Результат викладено в прилад","Результат викладено в прилад","Результат викладено в прилад","Результат викладено в прилад",
"STR_OZL_MSG_COLLECT_PARTIAL","Викладено частину: у приладі досі бракує місця","Part of the result is out, the device is still short of room","Викладено частину: у приладі досі бракує місця","Викладено частину: у приладі досі бракує місця","Викладено частину: у приладі досі бракує місця","Викладено частину: у приладі досі бракує місця","Викладено частину: у приладі досі бракує місця","Викладено частину: у приладі досі бракує місця","Викладено частину: у приладі досі бракує місця","Викладено частину: у приладі досі бракує місця","Викладено частину: у приладі досі бракує місця","Викладено частину: у приладі досі бракує місця","Викладено частину: у приладі досі бракує місця","Викладено частину: у приладі досі бракує місця",
"STR_OZL_ERR_STATION_BUSY","Станція вже працює","The station is already running","Станція вже працює","Станція вже працює","Станція вже працює","Станція вже працює","Станція вже працює","Станція вже працює","Станція вже працює","Станція вже працює","Станція вже працює","Станція вже працює","Станція вже працює","Станція вже працює",
"STR_OZL_ERR_STATION_DONE","У приладі лежить готовий результат, спершу заберіть його","The device holds a finished result, collect it first","У приладі лежить готовий результат, спершу заберіть його","У приладі лежить готовий результат, спершу заберіть його","У приладі лежить готовий результат, спершу заберіть його","У приладі лежить готовий результат, спершу заберіть його","У приладі лежить готовий результат, спершу заберіть його","У приладі лежить готовий результат, спершу заберіть його","У приладі лежить готовий результат, спершу заберіть його","У приладі лежить готовий результат, спершу заберіть його","У приладі лежить готовий результат, спершу заберіть його","У приладі лежить готовий результат, спершу заберіть його","У приладі лежить готовий результат, спершу заберіть його","У приладі лежить готовий результат, спершу заберіть його",
"STR_OZL_ERR_STATION_IDLE","Станція вільна","The station is idle","Станція вільна","Станція вільна","Станція вільна","Станція вільна","Станція вільна","Станція вільна","Станція вільна","Станція вільна","Станція вільна","Станція вільна","Станція вільна","Станція вільна",
"STR_OZL_ERR_NOT_YOUR_DEVICE","Цей прилад не належить вашій фракції","This device does not belong to your faction","Цей прилад не належить вашій фракції","Цей прилад не належить вашій фракції","Цей прилад не належить вашій фракції","Цей прилад не належить вашій фракції","Цей прилад не належить вашій фракції","Цей прилад не належить вашій фракції","Цей прилад не належить вашій фракції","Цей прилад не належить вашій фракції","Цей прилад не належить вашій фракції","Цей прилад не належить вашій фракції","Цей прилад не належить вашій фракції","Цей прилад не належить вашій фракції",
"STR_OZL_ERR_NO_RULE","Для цього приладу немає правил","No rule fits this device","Для цього приладу немає правил","Для цього приладу немає правил","Для цього приладу немає правил","Для цього приладу немає правил","Для цього приладу немає правил","Для цього приладу немає правил","Для цього приладу немає правил","Для цього приладу немає правил","Для цього приладу немає правил","Для цього приладу немає правил","Для цього приладу немає правил","Для цього приладу немає правил",
"STR_OZL_ERR_NEED_NODE","Потрібне дослідження ще не завершено","The required research is not done yet","Потрібне дослідження ще не завершено","Потрібне дослідження ще не завершено","Потрібне дослідження ще не завершено","Потрібне дослідження ще не завершено","Потрібне дослідження ще не завершено","Потрібне дослідження ще не завершено","Потрібне дослідження ще не завершено","Потрібне дослідження ще не завершено","Потрібне дослідження ще не завершено","Потрібне дослідження ще не завершено","Потрібне дослідження ще не завершено","Потрібне дослідження ще не завершено",
"STR_OZL_ERR_NEED_WORN","На вас немає потрібного спорядження","You are not wearing the required gear","На вас немає потрібного спорядження","На вас немає потрібного спорядження","На вас немає потрібного спорядження","На вас немає потрібного спорядження","На вас немає потрібного спорядження","На вас немає потрібного спорядження","На вас немає потрібного спорядження","На вас немає потрібного спорядження","На вас немає потрібного спорядження","На вас немає потрібного спорядження","На вас немає потрібного спорядження","На вас немає потрібного спорядження",
"STR_OZL_ERR_NEED_TOOL","У приладі бракує потрібного інструмента","The device is missing a required tool","У приладі бракує потрібного інструмента","У приладі бракує потрібного інструмента","У приладі бракує потрібного інструмента","У приладі бракує потрібного інструмента","У приладі бракує потрібного інструмента","У приладі бракує потрібного інструмента","У приладі бракує потрібного інструмента","У приладі бракує потрібного інструмента","У приладі бракує потрібного інструмента","У приладі бракує потрібного інструмента","У приладі бракує потрібного інструмента","У приладі бракує потрібного інструмента",
"STR_OZL_ERR_NEED_INPUT","У карго приладу бракує сировини","The device cargo lacks the input","У карго приладу бракує сировини","У карго приладу бракує сировини","У карго приладу бракує сировини","У карго приладу бракує сировини","У карго приладу бракує сировини","У карго приладу бракує сировини","У карго приладу бракує сировини","У карго приладу бракує сировини","У карго приладу бракує сировини","У карго приладу бракує сировини","У карго приладу бракує сировини","У карго приладу бракує сировини",
"STR_OZL_ERR_NOTHING_PENDING","У приладі немає незабраного результату","The device holds no uncollected result","У приладі немає незабраного результату","У приладі немає незабраного результату","У приладі немає незабраного результату","У приладі немає незабраного результату","У приладі немає незабраного результату","У приладі немає незабраного результату","У приладі немає незабраного результату","У приладі немає незабраного результату","У приладі немає незабраного результату","У приладі немає незабраного результату","У приладі немає незабраного результату","У приладі немає незабраного результату",
"STR_OZL_ERR_STATICS_OFF","Автоспавн статиків вимкнено через битий файл стану","Static auto-spawn is off because the state file is broken","Автоспавн статиків вимкнено через битий файл стану","Автоспавн статиків вимкнено через битий файл стану","Автоспавн статиків вимкнено через битий файл стану","Автоспавн статиків вимкнено через битий файл стану","Автоспавн статиків вимкнено через битий файл стану","Автоспавн статиків вимкнено через битий файл стану","Автоспавн статиків вимкнено через битий файл стану","Автоспавн статиків вимкнено через битий файл стану","Автоспавн статиків вимкнено через битий файл стану","Автоспавн статиків вимкнено через битий файл стану","Автоспавн статиків вимкнено через битий файл стану","Автоспавн статиків вимкнено через битий файл стану",
"STR_OZL_ERR_NO_STATIC","Такого запису статика немає","No such static entry","Такого запису статика немає","Такого запису статика немає","Такого запису статика немає","Такого запису статика немає","Такого запису статика немає","Такого запису статика немає","Такого запису статика немає","Такого запису статика немає","Такого запису статика немає","Такого запису статика немає","Такого запису статика немає","Такого запису статика немає",
"STR_OZL_ERR_SPAWN_FAILED","Спавн не вдався, дивіться лог сервера","The spawn failed, see the server log","Спавн не вдався, дивіться лог сервера","Спавн не вдався, дивіться лог сервера","Спавн не вдався, дивіться лог сервера","Спавн не вдався, дивіться лог сервера","Спавн не вдався, дивіться лог сервера","Спавн не вдався, дивіться лог сервера","Спавн не вдався, дивіться лог сервера","Спавн не вдався, дивіться лог сервера","Спавн не вдався, дивіться лог сервера","Спавн не вдався, дивіться лог сервера","Спавн не вдався, дивіться лог сервера","Спавн не вдався, дивіться лог сервера",
"STR_OZL_ERR_STATIC_STANDS","Статик уже стоїть на місці, видаляти не було чого","The static already stands there; nothing was deleted","Статик уже стоїть на місці, видаляти не було чого","Статик уже стоїть на місці, видаляти не було чого","Статик уже стоїть на місці, видаляти не було чого","Статик уже стоїть на місці, видаляти не було чого","Статик уже стоїть на місці, видаляти не було чого","Статик уже стоїть на місці, видаляти не було чого","Статик уже стоїть на місці, видаляти не було чого","Статик уже стоїть на місці, видаляти не було чого","Статик уже стоїть на місці, видаляти не було чого","Статик уже стоїть на місці, видаляти не було чого","Статик уже стоїть на місці, видаляти не було чого","Статик уже стоїть на місці, видаляти не було чого",
"STR_OZL_ERR_NO_ROOM","У приладі немає місця для результату, звільніть карго","No room in the device for the result, free some cargo","У приладі немає місця для результату, звільніть карго","У приладі немає місця для результату, звільніть карго","У приладі немає місця для результату, звільніть карго","У приладі немає місця для результату, звільніть карго","У приладі немає місця для результату, звільніть карго","У приладі немає місця для результату, звільніть карго","У приладі немає місця для результату, звільніть карго","У приладі немає місця для результату, звільніть карго","У приладі немає місця для результату, звільніть карго","У приладі немає місця для результату, звільніть карго","У приладі немає місця для результату, звільніть карго","У приладі немає місця для результату, звільніть карго",
"STR_OZL_action_deposit","Здати дані","Hand the data in","Здати дані","Здати дані","Здати дані","Здати дані","Здати дані","Здати дані","Здати дані","Здати дані","Здати дані","Здати дані","Здати дані","Здати дані",
"STR_OZL_action_identify","Визначити дані","Identify the data","Визначити дані","Визначити дані","Визначити дані","Визначити дані","Визначити дані","Визначити дані","Визначити дані","Визначити дані","Визначити дані","Визначити дані","Визначити дані","Визначити дані",
"STR_OZL_action_tree","Відкрити дерево досліджень","Open the research tree","Відкрити дерево досліджень","Відкрити дерево досліджень","Відкрити дерево досліджень","Відкрити дерево досліджень","Відкрити дерево досліджень","Відкрити дерево досліджень","Відкрити дерево досліджень","Відкрити дерево досліджень","Відкрити дерево досліджень","Відкрити дерево досліджень","Відкрити дерево досліджень","Відкрити дерево досліджень",
"STR_OZL_ERR_NO_ACCESS","Тратити бали фракції може лідер або власник поста досліджень","Only the leader or the research post holder may spend the faction's points","Тратити бали фракції може лідер або власник поста досліджень","Тратити бали фракції може лідер або власник поста досліджень","Тратити бали фракції може лідер або власник поста досліджень","Тратити бали фракції може лідер або власник поста досліджень","Тратити бали фракції може лідер або власник поста досліджень","Тратити бали фракції може лідер або власник поста досліджень","Тратити бали фракції може лідер або власник поста досліджень","Тратити бали фракції може лідер або власник поста досліджень","Тратити бали фракції може лідер або власник поста досліджень","Тратити бали фракції може лідер або власник поста досліджень","Тратити бали фракції може лідер або власник поста досліджень","Тратити бали фракції може лідер або власник поста досліджень",
"STR_OZL_ERR_UNKNOWN_NODE","Такого вузла немає","No such node","Такого вузла немає","Такого вузла немає","Такого вузла немає","Такого вузла немає","Такого вузла немає","Такого вузла немає","Такого вузла немає","Такого вузла немає","Такого вузла немає","Такого вузла немає","Такого вузла немає","Такого вузла немає",
"STR_OZL_ERR_NOT_OWNER","Цей вузол не належить вашій фракції","This node does not belong to your faction","Цей вузол не належить вашій фракції","Цей вузол не належить вашій фракції","Цей вузол не належить вашій фракції","Цей вузол не належить вашій фракції","Цей вузол не належить вашій фракції","Цей вузол не належить вашій фракції","Цей вузол не належить вашій фракції","Цей вузол не належить вашій фракції","Цей вузол не належить вашій фракції","Цей вузол не належить вашій фракції","Цей вузол не належить вашій фракції","Цей вузол не належить вашій фракції",
"STR_OZL_ERR_COMPLETED","Уже досліджено","Already researched","Уже досліджено","Уже досліджено","Уже досліджено","Уже досліджено","Уже досліджено","Уже досліджено","Уже досліджено","Уже досліджено","Уже досліджено","Уже досліджено","Уже досліджено","Уже досліджено",
"STR_OZL_ERR_BUSY","Уже досліджується","Already being researched","Уже досліджується","Уже досліджується","Уже досліджується","Уже досліджується","Уже досліджується","Уже досліджується","Уже досліджується","Уже досліджується","Уже досліджується","Уже досліджується","Уже досліджується","Уже досліджується",
"STR_OZL_ERR_LOCKED","Спершу дослідіть попередні вузли","Research the previous nodes first","Спершу дослідіть попередні вузли","Спершу дослідіть попередні вузли","Спершу дослідіть попередні вузли","Спершу дослідіть попередні вузли","Спершу дослідіть попередні вузли","Спершу дослідіть попередні вузли","Спершу дослідіть попередні вузли","Спершу дослідіть попередні вузли","Спершу дослідіть попередні вузли","Спершу дослідіть попередні вузли","Спершу дослідіть попередні вузли","Спершу дослідіть попередні вузли",
"STR_OZL_ERR_NO_TERMINAL","Потрібен термінал вашої фракції поруч","A terminal of your faction must be nearby","Потрібен термінал вашої фракції поруч","Потрібен термінал вашої фракції поруч","Потрібен термінал вашої фракції поруч","Потрібен термінал вашої фракції поруч","Потрібен термінал вашої фракції поруч","Потрібен термінал вашої фракції поруч","Потрібен термінал вашої фракції поруч","Потрібен термінал вашої фракції поруч","Потрібен термінал вашої фракції поруч","Потрібен термінал вашої фракції поруч","Потрібен термінал вашої фракції поруч","Потрібен термінал вашої фракції поруч",
"STR_OZL_ERR_NEED_ITEMS","У карго термінала бракує матеріалів","The terminal cargo lacks the materials","У карго термінала бракує матеріалів","У карго термінала бракує матеріалів","У карго термінала бракує матеріалів","У карго термінала бракує матеріалів","У карго термінала бракує матеріалів","У карго термінала бракує матеріалів","У карго термінала бракує матеріалів","У карго термінала бракує матеріалів","У карго термінала бракує матеріалів","У карго термінала бракує матеріалів","У карго термінала бракує матеріалів","У карго термінала бракує матеріалів",
"STR_OZL_MSG_RESEARCHED","Досліджено","Researched","Досліджено","Досліджено","Досліджено","Досліджено","Досліджено","Досліджено","Досліджено","Досліджено","Досліджено","Досліджено","Досліджено","Досліджено",
"STR_OZL_MSG_PROJECT","Проєкт запущено","The project has started","Проєкт запущено","Проєкт запущено","Проєкт запущено","Проєкт запущено","Проєкт запущено","Проєкт запущено","Проєкт запущено","Проєкт запущено","Проєкт запущено","Проєкт запущено","Проєкт запущено","Проєкт запущено",
"STR_OZL_ERR_NOT_YOUR_TERMINAL","Цей термінал не належить вашій фракції","This terminal does not belong to your faction","Цей термінал не належить вашій фракції","Цей термінал не належить вашій фракції","Цей термінал не належить вашій фракції","Цей термінал не належить вашій фракції","Цей термінал не належить вашій фракції","Цей термінал не належить вашій фракції","Цей термінал не належить вашій фракції","Цей термінал не належить вашій фракції","Цей термінал не належить вашій фракції","Цей термінал не належить вашій фракції","Цей термінал не належить вашій фракції","Цей термінал не належить вашій фракції",
"STR_OZL_ERR_CARRIER_EMPTY","Носій порожній, стану не записано","The carrier is empty, no state recorded","Носій порожній, стану не записано","Носій порожній, стану не записано","Носій порожній, стану не записано","Носій порожній, стану не записано","Носій порожній, стану не записано","Носій порожній, стану не записано","Носій порожній, стану не записано","Носій порожній, стану не записано","Носій порожній, стану не записано","Носій порожній, стану не записано","Носій порожній, стану не записано","Носій порожній, стану не записано",
"STR_OZL_ERR_DATA_UNKNOWN","Ці дані не описано, за них немає балів","This data is not described, it earns no points","Ці дані не описано, за них немає балів","Ці дані не описано, за них немає балів","Ці дані не описано, за них немає балів","Ці дані не описано, за них немає балів","Ці дані не описано, за них немає балів","Ці дані не описано, за них немає балів","Ці дані не описано, за них немає балів","Ці дані не описано, за них немає балів","Ці дані не описано, за них немає балів","Ці дані не описано, за них немає балів","Ці дані не описано, за них немає балів","Ці дані не описано, за них немає балів",
"STR_OZL_MSG_DEPOSITED","Дані здано, бали в пулі фракції","Data handed in, the points are in the faction pool","Дані здано, бали в пулі фракції","Дані здано, бали в пулі фракції","Дані здано, бали в пулі фракції","Дані здано, бали в пулі фракції","Дані здано, бали в пулі фракції","Дані здано, бали в пулі фракції","Дані здано, бали в пулі фракції","Дані здано, бали в пулі фракції","Дані здано, бали в пулі фракції","Дані здано, бали в пулі фракції","Дані здано, бали в пулі фракції","Дані здано, бали в пулі фракції",
"STR_OZL_MSG_IDENTIFIED","Дані визначено","Data identified","Дані визначено","Дані визначено","Дані визначено","Дані визначено","Дані визначено","Дані визначено","Дані визначено","Дані визначено","Дані визначено","Дані визначено","Дані визначено","Дані визначено",
"STR_OZL_TREE_CLOSE","Закрити","Close","Закрити","Закрити","Закрити","Закрити","Закрити","Закрити","Закрити","Закрити","Закрити","Закрити","Закрити","Закрити",
"STR_OZL_TREE_BRANCHES","Гілки","Branches","Гілки","Гілки","Гілки","Гілки","Гілки","Гілки","Гілки","Гілки","Гілки","Гілки","Гілки","Гілки",
"STR_OZL_TREE_POINTS","Бали фракції","Faction points","Бали фракції","Бали фракції","Бали фракції","Бали фракції","Бали фракції","Бали фракції","Бали фракції","Бали фракції","Бали фракції","Бали фракції","Бали фракції","Бали фракції",
"STR_OZL_TREE_TIER","тир","tier","тир","тир","тир","тир","тир","тир","тир","тир","тир","тир","тир","тир",
"STR_OZL_TREE_AFTER","після","after","після","після","після","після","після","після","після","після","після","після","після","після",
"STR_OZL_TREE_RESEARCH","Дослідити","Research","Дослідити","Дослідити","Дослідити","Дослідити","Дослідити","Дослідити","Дослідити","Дослідити","Дослідити","Дослідити","Дослідити","Дослідити",
"STR_OZL_TREE_PICK","Оберіть вузол","Pick a node","Оберіть вузол","Оберіть вузол","Оберіть вузол","Оберіть вузол","Оберіть вузол","Оберіть вузол","Оберіть вузол","Оберіть вузол","Оберіть вузол","Оберіть вузол","Оберіть вузол","Оберіть вузол",
"STR_OZL_TREE_HINT","Клацніть вузол, щоб побачити подробиці","Click a node for details","Клацніть вузол, щоб побачити подробиці","Клацніть вузол, щоб побачити подробиці","Клацніть вузол, щоб побачити подробиці","Клацніть вузол, щоб побачити подробиці","Клацніть вузол, щоб побачити подробиці","Клацніть вузол, щоб побачити подробиці","Клацніть вузол, щоб побачити подробиці","Клацніть вузол, щоб побачити подробиці","Клацніть вузол, щоб побачити подробиці","Клацніть вузол, щоб побачити подробиці","Клацніть вузол, щоб побачити подробиці","Клацніть вузол, щоб побачити подробиці",
"STR_OZL_TREE_LOADING","Дерево завантажується...","Loading the tree...","Дерево завантажується...","Дерево завантажується...","Дерево завантажується...","Дерево завантажується...","Дерево завантажується...","Дерево завантажується...","Дерево завантажується...","Дерево завантажується...","Дерево завантажується...","Дерево завантажується...","Дерево завантажується...","Дерево завантажується...",
"STR_OZL_TREE_ASKING","Запит надіслано...","Request sent...","Запит надіслано...","Запит надіслано...","Запит надіслано...","Запит надіслано...","Запит надіслано...","Запит надіслано...","Запит надіслано...","Запит надіслано...","Запит надіслано...","Запит надіслано...","Запит надіслано...","Запит надіслано...",
"STR_OZL_TREE_STARTED","Дослідження розпочато","Research started","Дослідження розпочато","Дослідження розпочато","Дослідження розпочато","Дослідження розпочато","Дослідження розпочато","Дослідження розпочато","Дослідження розпочато","Дослідження розпочато","Дослідження розпочато","Дослідження розпочато","Дослідження розпочато","Дослідження розпочато",
"STR_OZL_TREE_POOL_EMPTY","Пул фракції порожній","The faction pool is empty","Пул фракції порожній","Пул фракції порожній","Пул фракції порожній","Пул фракції порожній","Пул фракції порожній","Пул фракції порожній","Пул фракції порожній","Пул фракції порожній","Пул фракції порожній","Пул фракції порожній","Пул фракції порожній","Пул фракції порожній",
"STR_OZL_TREE_COST","Вартість","Cost","Вартість","Вартість","Вартість","Вартість","Вартість","Вартість","Вартість","Вартість","Вартість","Вартість","Вартість","Вартість",
"STR_OZL_TREE_ITEMS","Матеріали","Materials","Матеріали","Матеріали","Матеріали","Матеріали","Матеріали","Матеріали","Матеріали","Матеріали","Матеріали","Матеріали","Матеріали","Матеріали",
"STR_OZL_TREE_TIME","Тривалість","Duration","Тривалість","Тривалість","Тривалість","Тривалість","Тривалість","Тривалість","Тривалість","Тривалість","Тривалість","Тривалість","Тривалість","Тривалість",
"STR_OZL_TREE_LEFT","Лишилось","Left","Лишилось","Лишилось","Лишилось","Лишилось","Лишилось","Лишилось","Лишилось","Лишилось","Лишилось","Лишилось","Лишилось","Лишилось",
"STR_OZL_TREE_INSTANT","Досліджується миттєво","Researched at once","Досліджується миттєво","Досліджується миттєво","Досліджується миттєво","Досліджується миттєво","Досліджується миттєво","Досліджується миттєво","Досліджується миттєво","Досліджується миттєво","Досліджується миттєво","Досліджується миттєво","Досліджується миттєво","Досліджується миттєво",
"STR_OZL_TREE_LOCKED","Заблоковано","Locked","Заблоковано","Заблоковано","Заблоковано","Заблоковано","Заблоковано","Заблоковано","Заблоковано","Заблоковано","Заблоковано","Заблоковано","Заблоковано","Заблоковано",
"STR_OZL_TREE_AVAILABLE","Доступно","Available","Доступно","Доступно","Доступно","Доступно","Доступно","Доступно","Доступно","Доступно","Доступно","Доступно","Доступно","Доступно",
"STR_OZL_TREE_RESEARCHING","Досліджується","Researching","Досліджується","Досліджується","Досліджується","Досліджується","Досліджується","Досліджується","Досліджується","Досліджується","Досліджується","Досліджується","Досліджується","Досліджується",
"STR_OZL_TREE_COMPLETED","Досліджено","Completed","Досліджено","Досліджено","Досліджено","Досліджено","Досліджено","Досліджено","Досліджено","Досліджено","Досліджено","Досліджено","Досліджено","Досліджено",
